x-axis,1,2
second,Volt,Volt
-1.00000E-06,-19.45728436E-03,-20.10050230E-03
-999.00E-09,-19.45728436E-03,-20.10050230E-03
-998.00E-09,-19.45728436E-03,-20.10050230E-03
-997.00E-09,-14.75879195E-03,-20.10050230E-03
-996.00E-09,-10.33668144E-03,-20.10050230E-03
-995.00E-09,-1.49246043E-03,-20.10050230E-03
-994.00E-09,+2.65326817E-03,-20.10050230E-03
-993.00E-09,+2.65326817E-03,-18.84422090E-03
-992.00E-09,-1.76884234E-03,+0.0E+00
-991.00E-09,-6.19095284E-03,+0.0E+00
-990.00E-09,-15.03517386E-03,+0.0E+00
-989.00E-09,-19.45728436E-03,+0.0E+00
-988.00E-09,-19.45728436E-03,+0.0E+00
-987.00E-09,-19.18090245E-03,+0.0E+00
-986.00E-09,-14.75879195E-03,-20.10050230E-03
-985.00E-09,-5.91457094E-03,-20.10050230E-03
-984.00E-09,-1.49246043E-03,-20.10050230E-03
-983.00E-09,+2.65326817E-03,-20.10050230E-03
-982.00E-09,+2.65326817E-03,-20.10050230E-03
-981.00E-09,-1.76884234E-03,-20.10050230E-03
-980.00E-09,-6.19095284E-03,-20.10050230E-03
-979.00E-09,-10.61306335E-03,-20.10050230E-03
-978.00E-09,-15.03517386E-03,-20.10050230E-03
-977.00E-09,-19.18090245E-03,-20.10050230E-03
-976.00E-09,-14.75879195E-03,-20.10050230E-03
-975.00E-09,-10.33668144E-03,-20.10050230E-03
-974.00E-09,-5.91457094E-03,-20.10050230E-03
-973.00E-09,-1.49246043E-03,-20.10050230E-03
-972.00E-09,+2.65326817E-03,-20.10050230E-03
-971.00E-09,-1.76884234E-03,-20.10050230E-03
-970.00E-09,-1.76884234E-03,-20.10050230E-03
-969.00E-09,-10.61306335E-03,-20.10050230E-03
-968.00E-09,-15.03517386E-03,-20.10050230E-03
-967.00E-09,-15.03517386E-03,-20.10050230E-03
-966.00E-09,-15.03517386E-03,-20.10050230E-03
-965.00E-09,-14.75879195E-03,-20.10050230E-03
-964.00E-09,-10.33668144E-03,-20.10050230E-03
-963.00E-09,-5.91457094E-03,-20.10050230E-03
-962.00E-09,-1.76884234E-03,-20.10050230E-03
-961.00E-09,-1.76884234E-03,-20.10050230E-03
-960.00E-09,-6.19095284E-03,-20.10050230E-03
-959.00E-09,-10.61306335E-03,-20.10050230E-03
-958.00E-09,-15.03517386E-03,-20.10050230E-03
-957.00E-09,-19.45728436E-03,-20.10050230E-03
-956.00E-09,-19.45728436E-03,-20.10050230E-03
-955.00E-09,-19.18090245E-03,-20.10050230E-03
-954.00E-09,-14.75879195E-03,-20.10050230E-03
-953.00E-09,-5.91457094E-03,-20.10050230E-03
-952.00E-09,-1.76884234E-03,-20.10050230E-03
-951.00E-09,-1.76884234E-03,-20.10050230E-03
-950.00E-09,-1.76884234E-03,-20.10050230E-03
-949.00E-09,-6.19095284E-03,-20.10050230E-03
-948.00E-09,-15.03517386E-03,-20.10050230E-03
-947.00E-09,-19.45728436E-03,-20.10050230E-03
-946.00E-09,-19.45728436E-03,-20.10050230E-03
-945.00E-09,-19.18090245E-03,-20.10050230E-03
-944.00E-09,-14.75879195E-03,-20.10050230E-03
-943.00E-09,-10.33668144E-03,-20.10050230E-03
-942.00E-09,-5.91457094E-03,-20.10050230E-03
-941.00E-09,-1.49246043E-03,-20.10050230E-03
-940.00E-09,+2.65326817E-03,-20.10050230E-03
-939.00E-09,-1.76884234E-03,-20.10050230E-03
-938.00E-09,-6.19095284E-03,-40.20100459E-03
-937.00E-09,-10.61306335E-03,-40.20100459E-03
-936.00E-09,-15.03517386E-03,-38.94472320E-03
-935.00E-09,-19.45728436E-03,-20.10050230E-03
-934.00E-09,-19.18090245E-03,-20.10050230E-03
-933.00E-09,-14.75879195E-03,-20.10050230E-03
-932.00E-09,-10.33668144E-03,-20.10050230E-03
-931.00E-09,-1.76884234E-03,-20.10050230E-03
-930.00E-09,-1.76884234E-03,-20.10050230E-03
-929.00E-09,-1.76884234E-03,-20.10050230E-03
-928.00E-09,-1.76884234E-03,-20.10050230E-03
-927.00E-09,-10.61306335E-03,-20.10050230E-03
-926.00E-09,-15.03517386E-03,-20.10050230E-03
-925.00E-09,-19.45728436E-03,-40.20100459E-03
-924.00E-09,-23.60301296E-03,-40.20100459E-03
-923.00E-09,-19.18090245E-03,-40.20100459E-03
-922.00E-09,-14.75879195E-03,-40.20100459E-03
-921.00E-09,-10.33668144E-03,-40.20100459E-03
-920.00E-09,-1.76884234E-03,-40.20100459E-03
-919.00E-09,-1.76884234E-03,-40.20100459E-03
-918.00E-09,-1.76884234E-03,-40.20100459E-03
-917.00E-09,-6.19095284E-03,-40.20100459E-03
-916.00E-09,-10.61306335E-03,-40.20100459E-03
-915.00E-09,-15.03517386E-03,-40.20100459E-03
-914.00E-09,-19.45728436E-03,-38.94472320E-03
-913.00E-09,-19.18090245E-03,-20.10050230E-03
-912.00E-09,-14.75879195E-03,-20.10050230E-03
-911.00E-09,-10.33668144E-03,-20.10050230E-03
-910.00E-09,-6.19095284E-03,-20.10050230E-03
-909.00E-09,-5.91457094E-03,-20.10050230E-03
-908.00E-09,-1.76884234E-03,-20.10050230E-03
-907.00E-09,-1.76884234E-03,-40.20100459E-03
-906.00E-09,-6.19095284E-03,-40.20100459E-03
-905.00E-09,-10.61306335E-03,-38.94472320E-03
-904.00E-09,-15.03517386E-03,-20.10050230E-03
-903.00E-09,-19.18090245E-03,-20.10050230E-03
-902.00E-09,-14.75879195E-03,-20.10050230E-03
-901.00E-09,-10.33668144E-03,-20.10050230E-03
-900.00E-09,-5.91457094E-03,-20.10050230E-03
-899.00E-09,-1.49246043E-03,-20.10050230E-03
-898.00E-09,+2.65326817E-03,-20.10050230E-03
-897.00E-09,+2.65326817E-03,-20.10050230E-03
-896.00E-09,-1.76884234E-03,-20.10050230E-03
-895.00E-09,-6.19095284E-03,-20.10050230E-03
-894.00E-09,-10.61306335E-03,-20.10050230E-03
-893.00E-09,-15.03517386E-03,-20.10050230E-03
-892.00E-09,-15.03517386E-03,-20.10050230E-03
-891.00E-09,-14.75879195E-03,-20.10050230E-03
-890.00E-09,-10.33668144E-03,-40.20100459E-03
-889.00E-09,-5.91457094E-03,-38.94472320E-03
-888.00E-09,-1.76884234E-03,-20.10050230E-03
-887.00E-09,-1.76884234E-03,-20.10050230E-03
-886.00E-09,-1.76884234E-03,-20.10050230E-03
-885.00E-09,-6.19095284E-03,-20.10050230E-03
-884.00E-09,-15.03517386E-03,-20.10050230E-03
-883.00E-09,-15.03517386E-03,-40.20100459E-03
-882.00E-09,-19.45728436E-03,-40.20100459E-03
-881.00E-09,-19.18090245E-03,-38.94472320E-03
-880.00E-09,-10.33668144E-03,-20.10050230E-03
-879.00E-09,-5.91457094E-03,-20.10050230E-03
-878.00E-09,-1.76884234E-03,-20.10050230E-03
-877.00E-09,-1.76884234E-03,-20.10050230E-03
-876.00E-09,-1.76884234E-03,-20.10050230E-03
-875.00E-09,-6.19095284E-03,-40.20100459E-03
-874.00E-09,-10.61306335E-03,-40.20100459E-03
-873.00E-09,-15.03517386E-03,-40.20100459E-03
-872.00E-09,-19.45728436E-03,-38.94472320E-03
-871.00E-09,-19.45728436E-03,-20.10050230E-03
-870.00E-09,-19.18090245E-03,-40.20100459E-03
-869.00E-09,-14.75879195E-03,-38.94472320E-03
-868.00E-09,-10.33668144E-03,-20.10050230E-03
-867.00E-09,-5.91457094E-03,-20.10050230E-03
-866.00E-09,-1.76884234E-03,-20.10050230E-03
-865.00E-09,-1.76884234E-03,-20.10050230E-03
-864.00E-09,-6.19095284E-03,-20.10050230E-03
-863.00E-09,-10.61306335E-03,-20.10050230E-03
-862.00E-09,-15.03517386E-03,-20.10050230E-03
-861.00E-09,-19.45728436E-03,-20.10050230E-03
-860.00E-09,-19.18090245E-03,-20.10050230E-03
-859.00E-09,-14.75879195E-03,-20.10050230E-03
-858.00E-09,-10.33668144E-03,-20.10050230E-03
-857.00E-09,-5.91457094E-03,-20.10050230E-03
-856.00E-09,-1.76884234E-03,-20.10050230E-03
-855.00E-09,-1.76884234E-03,-20.10050230E-03
-854.00E-09,-1.76884234E-03,-20.10050230E-03
-853.00E-09,-6.19095284E-03,-20.10050230E-03
-852.00E-09,-10.61306335E-03,-20.10050230E-03
-851.00E-09,-19.45728436E-03,-20.10050230E-03
-850.00E-09,-19.45728436E-03,-20.10050230E-03
-849.00E-09,-19.18090245E-03,-20.10050230E-03
-848.00E-09,-14.75879195E-03,-20.10050230E-03
-847.00E-09,-10.33668144E-03,-20.10050230E-03
-846.00E-09,-1.49246043E-03,-20.10050230E-03
-845.00E-09,+2.65326817E-03,-20.10050230E-03
-844.00E-09,+2.65326817E-03,-20.10050230E-03
-843.00E-09,-1.76884234E-03,-20.10050230E-03
-842.00E-09,-1.76884234E-03,-20.10050230E-03
-841.00E-09,-10.33668144E-03,-20.10050230E-03
-840.00E-09,-14.75879195E-03,-20.10050230E-03
-839.00E-09,-15.03517386E-03,-20.10050230E-03
-838.00E-09,-15.03517386E-03,-20.10050230E-03
-837.00E-09,-10.61306335E-03,-20.10050230E-03
-836.00E-09,-6.19095284E-03,-20.10050230E-03
-835.00E-09,-1.76884234E-03,-20.10050230E-03
-834.00E-09,+2.65326817E-03,-20.10050230E-03
-833.00E-09,-1.49246043E-03,-20.10050230E-03
-832.00E-09,-1.76884234E-03,-20.10050230E-03
-831.00E-09,-10.33668144E-03,-20.10050230E-03
-830.00E-09,-14.75879195E-03,-20.10050230E-03
-829.00E-09,-19.18090245E-03,-38.94472320E-03
-828.00E-09,-15.03517386E-03,-40.20100459E-03
-827.00E-09,-15.03517386E-03,-20.10050230E-03
-826.00E-09,-10.61306335E-03,-20.10050230E-03
-825.00E-09,-6.19095284E-03,-20.10050230E-03
-824.00E-09,-1.76884234E-03,-20.10050230E-03
-823.00E-09,-1.76884234E-03,-20.10050230E-03
-822.00E-09,-1.76884234E-03,-20.10050230E-03
-821.00E-09,-10.33668144E-03,-20.10050230E-03
-820.00E-09,-14.75879195E-03,-20.10050230E-03
-819.00E-09,-19.18090245E-03,-20.10050230E-03
-818.00E-09,-19.45728436E-03,-20.10050230E-03
-817.00E-09,-15.03517386E-03,-20.10050230E-03
-816.00E-09,-10.61306335E-03,-20.10050230E-03
-815.00E-09,-6.19095284E-03,-20.10050230E-03
-814.00E-09,-1.76884234E-03,-20.10050230E-03
-813.00E-09,-1.76884234E-03,-20.10050230E-03
-812.00E-09,-1.76884234E-03,-20.10050230E-03
-811.00E-09,-5.91457094E-03,-20.10050230E-03
-810.00E-09,-10.33668144E-03,-20.10050230E-03
-809.00E-09,-14.75879195E-03,-20.10050230E-03
-808.00E-09,-19.18090245E-03,+0.0E+00
-807.00E-09,-19.45728436E-03,+0.0E+00
-806.00E-09,-15.03517386E-03,-18.84422090E-03
-805.00E-09,-10.61306335E-03,-20.10050230E-03
-804.00E-09,-6.19095284E-03,-20.10050230E-03
-803.00E-09,-1.76884234E-03,-20.10050230E-03
-802.00E-09,+2.65326817E-03,-20.10050230E-03
-801.00E-09,-1.49246043E-03,-38.94472320E-03
-800.00E-09,-5.91457094E-03,-20.10050230E-03
-799.00E-09,-10.33668144E-03,-20.10050230E-03
-798.00E-09,-14.75879195E-03,-20.10050230E-03
-797.00E-09,-19.18090245E-03,-20.10050230E-03
-796.00E-09,-19.45728436E-03,-20.10050230E-03
-795.00E-09,-10.61306335E-03,-20.10050230E-03
-794.00E-09,-6.19095284E-03,-20.10050230E-03
-793.00E-09,-1.76884234E-03,-20.10050230E-03
-792.00E-09,-1.76884234E-03,-20.10050230E-03
-791.00E-09,-1.76884234E-03,-20.10050230E-03
-790.00E-09,-5.91457094E-03,-20.10050230E-03
-789.00E-09,-10.33668144E-03,-20.10050230E-03
-788.00E-09,-14.75879195E-03,-20.10050230E-03
-787.00E-09,-19.18090245E-03,-20.10050230E-03
-786.00E-09,-19.45728436E-03,-20.10050230E-03
-785.00E-09,-19.45728436E-03,-20.10050230E-03
-784.00E-09,-15.03517386E-03,-20.10050230E-03
-783.00E-09,-6.19095284E-03,-20.10050230E-03
-782.00E-09,-1.76884234E-03,-20.10050230E-03
-781.00E-09,-1.76884234E-03,-20.10050230E-03
-780.00E-09,-1.76884234E-03,-20.10050230E-03
-779.00E-09,-5.91457094E-03,-20.10050230E-03
-778.00E-09,-10.33668144E-03,-20.10050230E-03
-777.00E-09,-14.75879195E-03,-20.10050230E-03
-776.00E-09,-19.18090245E-03,-20.10050230E-03
-775.00E-09,-19.45728436E-03,-20.10050230E-03
-774.00E-09,-15.03517386E-03,-20.10050230E-03
-773.00E-09,-10.61306335E-03,-20.10050230E-03
-772.00E-09,-6.19095284E-03,-20.10050230E-03
-771.00E-09,-6.19095284E-03,-20.10050230E-03
-770.00E-09,-1.76884234E-03,-20.10050230E-03
-769.00E-09,-5.91457094E-03,-20.10050230E-03
-768.00E-09,-10.33668144E-03,-20.10050230E-03
-767.00E-09,-14.75879195E-03,-20.10050230E-03
-766.00E-09,-15.03517386E-03,-20.10050230E-03
-765.00E-09,-19.18090245E-03,-20.10050230E-03
-764.00E-09,-15.03517386E-03,-20.10050230E-03
-763.00E-09,-15.03517386E-03,-20.10050230E-03
-762.00E-09,-6.19095284E-03,-20.10050230E-03
-761.00E-09,-1.76884234E-03,-20.10050230E-03
-760.00E-09,-1.76884234E-03,-20.10050230E-03
-759.00E-09,-1.76884234E-03,-20.10050230E-03
-758.00E-09,-5.91457094E-03,-20.10050230E-03
-757.00E-09,-10.33668144E-03,-20.10050230E-03
-756.00E-09,-14.75879195E-03,-20.10050230E-03
-755.00E-09,-19.18090245E-03,-20.10050230E-03
-754.00E-09,-15.03517386E-03,-20.10050230E-03
-753.00E-09,-10.61306335E-03,+0.0E+00
-752.00E-09,-6.19095284E-03,+0.0E+00
-751.00E-09,-1.76884234E-03,+0.0E+00
-750.00E-09,+2.65326817E-03,-18.84422090E-03
-749.00E-09,+2.65326817E-03,-20.10050230E-03
-748.00E-09,-1.49246043E-03,-20.10050230E-03
-747.00E-09,-5.91457094E-03,-20.10050230E-03
-746.00E-09,-10.33668144E-03,-20.10050230E-03
-745.00E-09,-14.75879195E-03,-20.10050230E-03
-744.00E-09,-19.18090245E-03,-20.10050230E-03
-743.00E-09,-15.03517386E-03,-20.10050230E-03
-742.00E-09,-10.61306335E-03,-20.10050230E-03
-741.00E-09,-6.19095284E-03,-20.10050230E-03
-740.00E-09,-1.76884234E-03,-20.10050230E-03
-739.00E-09,+2.65326817E-03,-20.10050230E-03
-738.00E-09,+2.65326817E-03,-20.10050230E-03
-737.00E-09,-1.49246043E-03,-20.10050230E-03
-736.00E-09,-5.91457094E-03,-20.10050230E-03
-735.00E-09,-14.75879195E-03,-20.10050230E-03
-734.00E-09,-19.18090245E-03,-20.10050230E-03
-733.00E-09,-19.45728436E-03,-20.10050230E-03
-732.00E-09,-15.03517386E-03,-20.10050230E-03
-731.00E-09,-10.61306335E-03,-20.10050230E-03
-730.00E-09,-6.19095284E-03,-20.10050230E-03
-729.00E-09,-1.76884234E-03,-20.10050230E-03
-728.00E-09,+2.65326817E-03,-20.10050230E-03
-727.00E-09,-1.49246043E-03,+0.0E+00
-726.00E-09,-5.91457094E-03,+0.0E+00
-725.00E-09,-10.33668144E-03,-18.84422090E-03
-724.00E-09,-19.18090245E-03,-20.10050230E-03
-723.00E-09,-19.45728436E-03,-20.10050230E-03
-722.00E-09,-19.45728436E-03,-20.10050230E-03
-721.00E-09,-15.03517386E-03,-20.10050230E-03
-720.00E-09,-10.61306335E-03,-20.10050230E-03
-719.00E-09,-1.76884234E-03,-20.10050230E-03
-718.00E-09,+2.65326817E-03,-20.10050230E-03
-717.00E-09,+2.65326817E-03,-20.10050230E-03
-716.00E-09,-1.49246043E-03,-20.10050230E-03
-715.00E-09,-5.91457094E-03,-20.10050230E-03
-714.00E-09,-10.33668144E-03,-20.10050230E-03
-713.00E-09,-14.75879195E-03,-20.10050230E-03
-712.00E-09,-19.18090245E-03,-20.10050230E-03
-711.00E-09,-15.03517386E-03,-20.10050230E-03
-710.00E-09,-10.61306335E-03,-20.10050230E-03
-709.00E-09,-6.19095284E-03,-20.10050230E-03
-708.00E-09,-1.76884234E-03,-20.10050230E-03
-707.00E-09,-1.76884234E-03,-20.10050230E-03
-706.00E-09,-1.76884234E-03,-20.10050230E-03
-705.00E-09,-1.76884234E-03,-20.10050230E-03
-704.00E-09,-10.33668144E-03,-20.10050230E-03
-703.00E-09,-14.75879195E-03,-20.10050230E-03
-702.00E-09,-15.03517386E-03,-20.10050230E-03
-701.00E-09,-15.03517386E-03,-20.10050230E-03
-700.00E-09,-15.03517386E-03,-20.10050230E-03
-699.00E-09,-10.61306335E-03,-20.10050230E-03
-698.00E-09,-6.19095284E-03,-20.10050230E-03
-697.00E-09,-1.76884234E-03,-20.10050230E-03
-696.00E-09,-1.76884234E-03,-20.10050230E-03
-695.00E-09,-1.76884234E-03,-20.10050230E-03
-694.00E-09,-5.91457094E-03,-20.10050230E-03
-693.00E-09,-14.75879195E-03,-20.10050230E-03
-692.00E-09,-15.03517386E-03,-20.10050230E-03
-691.00E-09,-19.18090245E-03,-20.10050230E-03
-690.00E-09,-19.45728436E-03,-20.10050230E-03
-689.00E-09,-15.03517386E-03,-20.10050230E-03
-688.00E-09,-10.61306335E-03,-20.10050230E-03
-687.00E-09,-6.19095284E-03,-20.10050230E-03
-686.00E-09,-1.76884234E-03,-20.10050230E-03
-685.00E-09,-1.76884234E-03,-20.10050230E-03
-684.00E-09,-5.91457094E-03,-20.10050230E-03
-683.00E-09,-10.33668144E-03,-20.10050230E-03
-682.00E-09,-14.75879195E-03,-20.10050230E-03
-681.00E-09,-19.18090245E-03,-20.10050230E-03
-680.00E-09,-19.45728436E-03,-20.10050230E-03
-679.00E-09,-15.03517386E-03,-20.10050230E-03
-678.00E-09,-10.61306335E-03,-20.10050230E-03
-677.00E-09,-6.19095284E-03,-20.10050230E-03
-676.00E-09,-6.19095284E-03,-20.10050230E-03
-675.00E-09,-1.76884234E-03,-20.10050230E-03
-674.00E-09,-5.91457094E-03,+0.0E+00
-673.00E-09,-10.33668144E-03,+0.0E+00
-672.00E-09,-14.75879195E-03,+0.0E+00
-671.00E-09,-19.18090245E-03,+0.0E+00
-670.00E-09,-19.45728436E-03,-18.84422090E-03
-669.00E-09,-19.45728436E-03,-20.10050230E-03
-668.00E-09,-15.03517386E-03,-20.10050230E-03
-667.00E-09,-10.61306335E-03,-20.10050230E-03
-666.00E-09,-6.19095284E-03,-20.10050230E-03
-665.00E-09,-1.76884234E-03,-20.10050230E-03
-664.00E-09,-1.76884234E-03,-20.10050230E-03
-663.00E-09,-1.76884234E-03,-20.10050230E-03
-662.00E-09,-5.91457094E-03,-20.10050230E-03
-661.00E-09,-14.75879195E-03,-20.10050230E-03
-660.00E-09,-19.18090245E-03,-38.94472320E-03
-659.00E-09,-19.45728436E-03,-40.20100459E-03
-658.00E-09,-19.45728436E-03,-40.20100459E-03
-657.00E-09,-15.03517386E-03,-40.20100459E-03
-656.00E-09,-10.61306335E-03,-40.20100459E-03
-655.00E-09,-6.19095284E-03,-20.10050230E-03
-654.00E-09,-1.76884234E-03,-20.10050230E-03
-653.00E-09,-5.91457094E-03,-38.94472320E-03
-652.00E-09,-6.19095284E-03,-20.10050230E-03
-651.00E-09,-10.33668144E-03,-20.10050230E-03
-650.00E-09,-14.75879195E-03,-20.10050230E-03
-649.00E-09,-19.18090245E-03,-20.10050230E-03
-648.00E-09,-19.45728436E-03,-20.10050230E-03
-647.00E-09,-15.03517386E-03,-20.10050230E-03
-646.00E-09,-10.61306335E-03,-20.10050230E-03
-645.00E-09,-6.19095284E-03,-20.10050230E-03
-644.00E-09,-6.19095284E-03,-20.10050230E-03
-643.00E-09,-1.76884234E-03,-20.10050230E-03
-642.00E-09,-5.91457094E-03,-20.10050230E-03
-641.00E-09,-10.33668144E-03,-20.10050230E-03
-640.00E-09,-10.61306335E-03,-20.10050230E-03
-639.00E-09,-14.75879195E-03,-20.10050230E-03
-638.00E-09,-19.18090245E-03,-20.10050230E-03
-637.00E-09,-15.03517386E-03,-20.10050230E-03
-636.00E-09,-15.03517386E-03,-20.10050230E-03
-635.00E-09,-10.61306335E-03,-20.10050230E-03
-634.00E-09,-6.19095284E-03,-20.10050230E-03
-633.00E-09,-1.76884234E-03,-20.10050230E-03
-632.00E-09,-1.76884234E-03,-20.10050230E-03
-631.00E-09,-5.91457094E-03,-20.10050230E-03
-630.00E-09,-10.33668144E-03,-20.10050230E-03
-629.00E-09,-14.75879195E-03,-38.94472320E-03
-628.00E-09,-19.18090245E-03,-40.20100459E-03
-627.00E-09,-19.45728436E-03,-40.20100459E-03
-626.00E-09,-15.03517386E-03,-20.10050230E-03
-625.00E-09,-10.61306335E-03,-20.10050230E-03
-624.00E-09,-6.19095284E-03,-20.10050230E-03
-623.00E-09,-1.76884234E-03,-20.10050230E-03
-622.00E-09,-1.76884234E-03,-20.10050230E-03
-621.00E-09,-1.76884234E-03,-20.10050230E-03
-620.00E-09,-5.91457094E-03,-20.10050230E-03
-619.00E-09,-10.33668144E-03,-20.10050230E-03
-618.00E-09,-14.75879195E-03,-20.10050230E-03
-617.00E-09,-19.18090245E-03,-20.10050230E-03
-616.00E-09,-19.45728436E-03,-20.10050230E-03
-615.00E-09,-15.03517386E-03,-20.10050230E-03
-614.00E-09,-10.61306335E-03,-20.10050230E-03
-613.00E-09,-6.19095284E-03,-20.10050230E-03
-612.00E-09,-1.76884234E-03,-20.10050230E-03
-611.00E-09,-1.76884234E-03,-20.10050230E-03
-610.00E-09,-1.76884234E-03,-20.10050230E-03
-609.00E-09,-5.91457094E-03,-20.10050230E-03
-608.00E-09,-10.33668144E-03,-20.10050230E-03
-607.00E-09,-14.75879195E-03,-20.10050230E-03
-606.00E-09,-19.18090245E-03,-20.10050230E-03
-605.00E-09,-15.03517386E-03,-20.10050230E-03
-604.00E-09,-10.61306335E-03,-20.10050230E-03
-603.00E-09,-6.19095284E-03,-20.10050230E-03
-602.00E-09,-1.76884234E-03,-20.10050230E-03
-601.00E-09,-1.76884234E-03,-20.10050230E-03
-600.00E-09,-1.76884234E-03,-20.10050230E-03
-599.00E-09,-5.91457094E-03,-20.10050230E-03
-598.00E-09,-10.33668144E-03,-20.10050230E-03
-597.00E-09,-14.75879195E-03,-20.10050230E-03
-596.00E-09,-19.18090245E-03,-20.10050230E-03
-595.00E-09,-19.45728436E-03,-20.10050230E-03
-594.00E-09,-15.03517386E-03,-20.10050230E-03
-593.00E-09,-15.03517386E-03,-20.10050230E-03
-592.00E-09,-6.19095284E-03,-20.10050230E-03
-591.00E-09,-1.76884234E-03,-20.10050230E-03
-590.00E-09,-1.76884234E-03,+0.0E+00
-589.00E-09,-5.91457094E-03,-18.84422090E-03
-588.00E-09,-10.33668144E-03,-20.10050230E-03
-587.00E-09,-14.75879195E-03,-20.10050230E-03
-586.00E-09,-15.03517386E-03,-20.10050230E-03
-585.00E-09,-19.18090245E-03,-20.10050230E-03
-584.00E-09,-19.45728436E-03,+0.0E+00
-583.00E-09,-15.03517386E-03,-18.84422090E-03
-582.00E-09,-10.61306335E-03,-20.10050230E-03
-581.00E-09,-6.19095284E-03,-20.10050230E-03
-580.00E-09,-1.76884234E-03,-20.10050230E-03
-579.00E-09,-1.76884234E-03,-20.10050230E-03
-578.00E-09,-1.76884234E-03,-20.10050230E-03
-577.00E-09,-5.91457094E-03,-20.10050230E-03
-576.00E-09,-14.75879195E-03,-20.10050230E-03
-575.00E-09,-19.18090245E-03,-20.10050230E-03
-574.00E-09,-19.45728436E-03,-20.10050230E-03
-573.00E-09,-19.45728436E-03,-20.10050230E-03
-572.00E-09,-15.03517386E-03,-20.10050230E-03
-571.00E-09,-10.61306335E-03,-20.10050230E-03
-570.00E-09,-6.19095284E-03,-20.10050230E-03
-569.00E-09,-1.76884234E-03,-20.10050230E-03
-568.00E-09,-1.76884234E-03,-20.10050230E-03
-567.00E-09,-5.91457094E-03,-20.10050230E-03
-566.00E-09,-10.33668144E-03,-20.10050230E-03
-565.00E-09,-14.75879195E-03,-20.10050230E-03
-564.00E-09,-19.18090245E-03,-20.10050230E-03
-563.00E-09,-19.45728436E-03,-20.10050230E-03
-562.00E-09,-15.03517386E-03,-20.10050230E-03
-561.00E-09,-10.61306335E-03,-20.10050230E-03
-560.00E-09,-10.61306335E-03,-20.10050230E-03
-559.00E-09,-6.19095284E-03,-20.10050230E-03
-558.00E-09,-1.76884234E-03,-20.10050230E-03
-557.00E-09,-5.91457094E-03,-20.10050230E-03
-556.00E-09,-10.33668144E-03,-20.10050230E-03
-555.00E-09,-14.75879195E-03,-20.10050230E-03
-554.00E-09,-19.18090245E-03,-20.10050230E-03
-553.00E-09,-19.45728436E-03,-20.10050230E-03
-552.00E-09,-19.45728436E-03,-20.10050230E-03
-551.00E-09,-15.03517386E-03,-20.10050230E-03
-550.00E-09,-6.19095284E-03,-20.10050230E-03
-549.00E-09,-6.19095284E-03,-20.10050230E-03
-548.00E-09,-1.76884234E-03,-20.10050230E-03
-547.00E-09,-1.76884234E-03,-20.10050230E-03
-546.00E-09,-5.91457094E-03,-20.10050230E-03
-545.00E-09,-10.33668144E-03,-20.10050230E-03
-544.00E-09,-14.75879195E-03,+0.0E+00
-543.00E-09,-15.03517386E-03,+0.0E+00
-542.00E-09,-19.18090245E-03,-18.84422090E-03
-541.00E-09,-15.03517386E-03,-20.10050230E-03
-540.00E-09,-10.61306335E-03,-20.10050230E-03
-539.00E-09,-6.19095284E-03,-20.10050230E-03
-538.00E-09,-1.76884234E-03,-20.10050230E-03
-537.00E-09,-1.76884234E-03,-20.10050230E-03
-536.00E-09,-1.76884234E-03,-20.10050230E-03
-535.00E-09,-5.91457094E-03,-20.10050230E-03
-534.00E-09,-14.75879195E-03,-20.10050230E-03
-533.00E-09,-19.18090245E-03,-20.10050230E-03
-532.00E-09,-19.45728436E-03,-20.10050230E-03
-531.00E-09,-19.45728436E-03,-20.10050230E-03
-530.00E-09,-15.03517386E-03,-20.10050230E-03
-529.00E-09,-10.61306335E-03,-20.10050230E-03
-528.00E-09,-6.19095284E-03,-20.10050230E-03
-527.00E-09,-1.76884234E-03,-20.10050230E-03
-526.00E-09,+2.65326817E-03,-20.10050230E-03
-525.00E-09,-1.49246043E-03,+0.0E+00
-524.00E-09,-5.91457094E-03,+0.0E+00
-523.00E-09,-14.75879195E-03,-18.84422090E-03
-522.00E-09,-15.03517386E-03,-20.10050230E-03
-521.00E-09,-19.18090245E-03,-20.10050230E-03
-520.00E-09,-15.03517386E-03,-20.10050230E-03
-519.00E-09,-10.61306335E-03,-20.10050230E-03
-518.00E-09,-6.19095284E-03,-20.10050230E-03
-517.00E-09,-1.76884234E-03,-20.10050230E-03
-516.00E-09,+2.65326817E-03,-20.10050230E-03
-515.00E-09,-1.49246043E-03,-20.10050230E-03
-514.00E-09,-5.91457094E-03,-20.10050230E-03
-513.00E-09,-10.33668144E-03,-20.10050230E-03
-512.00E-09,-14.75879195E-03,-20.10050230E-03
-511.00E-09,-15.03517386E-03,-20.10050230E-03
-510.00E-09,-15.03517386E-03,-20.10050230E-03
-509.00E-09,-15.03517386E-03,-20.10050230E-03
-508.00E-09,-10.61306335E-03,-20.10050230E-03
-507.00E-09,-6.19095284E-03,-20.10050230E-03
-506.00E-09,+2.65326817E-03,-20.10050230E-03
-505.00E-09,+2.65326817E-03,-20.10050230E-03
-504.00E-09,-1.49246043E-03,-20.10050230E-03
-503.00E-09,-5.91457094E-03,-20.10050230E-03
-502.00E-09,-10.33668144E-03,-20.10050230E-03
-501.00E-09,-14.75879195E-03,-38.94472320E-03
-500.00E-09,-19.18090245E-03,-40.20100459E-03
-499.00E-09,-15.03517386E-03,-40.20100459E-03
-498.00E-09,-10.61306335E-03,-40.20100459E-03
-497.00E-09,-6.19095284E-03,-40.20100459E-03
-496.00E-09,-1.76884234E-03,-40.20100459E-03
-495.00E-09,-1.76884234E-03,-20.10050230E-03
-494.00E-09,-1.76884234E-03,-20.10050230E-03
-493.00E-09,-5.91457094E-03,-20.10050230E-03
-492.00E-09,-10.33668144E-03,-20.10050230E-03
-491.00E-09,-14.75879195E-03,-20.10050230E-03
-490.00E-09,-15.03517386E-03,-20.10050230E-03
-489.00E-09,-15.03517386E-03,-20.10050230E-03
-488.00E-09,-15.03517386E-03,-20.10050230E-03
-487.00E-09,-10.61306335E-03,-20.10050230E-03
-486.00E-09,-6.19095284E-03,-20.10050230E-03
-485.00E-09,-1.76884234E-03,-38.94472320E-03
-484.00E-09,-1.76884234E-03,-40.20100459E-03
-483.00E-09,-1.76884234E-03,-40.20100459E-03
-482.00E-09,-5.91457094E-03,-40.20100459E-03
-481.00E-09,-10.33668144E-03,-40.20100459E-03
-480.00E-09,-14.75879195E-03,-20.10050230E-03
-479.00E-09,-15.03517386E-03,-20.10050230E-03
-478.00E-09,-15.03517386E-03,-20.10050230E-03
-477.00E-09,-15.03517386E-03,-38.94472320E-03
-476.00E-09,-10.61306335E-03,-40.20100459E-03
-475.00E-09,-6.19095284E-03,-40.20100459E-03
-474.00E-09,-1.76884234E-03,-40.20100459E-03
-473.00E-09,-1.76884234E-03,-40.20100459E-03
-472.00E-09,-1.76884234E-03,-20.10050230E-03
-471.00E-09,-10.33668144E-03,-20.10050230E-03
-470.00E-09,-14.75879195E-03,-20.10050230E-03
-469.00E-09,-19.18090245E-03,-20.10050230E-03
-468.00E-09,-19.45728436E-03,-20.10050230E-03
-467.00E-09,-15.03517386E-03,-38.94472320E-03
-466.00E-09,-10.61306335E-03,-20.10050230E-03
-465.00E-09,-6.19095284E-03,-20.10050230E-03
-464.00E-09,-1.76884234E-03,-20.10050230E-03
-463.00E-09,-1.76884234E-03,-20.10050230E-03
-462.00E-09,-1.76884234E-03,-20.10050230E-03
-461.00E-09,-5.91457094E-03,-38.94472320E-03
-460.00E-09,-10.33668144E-03,-40.20100459E-03
-459.00E-09,-14.75879195E-03,-40.20100459E-03
-458.00E-09,-19.18090245E-03,-40.20100459E-03
-457.00E-09,-19.45728436E-03,-40.20100459E-03
-456.00E-09,-15.03517386E-03,-20.10050230E-03
-455.00E-09,-10.61306335E-03,-20.10050230E-03
-454.00E-09,-6.19095284E-03,-20.10050230E-03
-453.00E-09,-1.76884234E-03,-20.10050230E-03
-452.00E-09,-1.76884234E-03,-20.10050230E-03
-451.00E-09,-5.91457094E-03,-20.10050230E-03
-450.00E-09,-6.19095284E-03,-20.10050230E-03
-449.00E-09,-10.33668144E-03,-20.10050230E-03
-448.00E-09,-14.75879195E-03,-20.10050230E-03
-447.00E-09,-15.03517386E-03,-20.10050230E-03
-446.00E-09,-15.03517386E-03,-20.10050230E-03
-445.00E-09,-10.61306335E-03,-20.10050230E-03
-444.00E-09,-6.19095284E-03,-20.10050230E-03
-443.00E-09,-1.76884234E-03,-20.10050230E-03
-442.00E-09,+2.65326817E-03,-20.10050230E-03
-441.00E-09,+2.65326817E-03,-20.10050230E-03
-440.00E-09,-1.49246043E-03,-20.10050230E-03
-439.00E-09,-10.33668144E-03,-20.10050230E-03
-438.00E-09,-14.75879195E-03,-20.10050230E-03
-437.00E-09,-19.18090245E-03,-20.10050230E-03
-436.00E-09,-19.45728436E-03,-20.10050230E-03
-435.00E-09,-19.45728436E-03,-20.10050230E-03
-434.00E-09,-15.03517386E-03,-20.10050230E-03
-433.00E-09,-6.19095284E-03,-20.10050230E-03
-432.00E-09,-1.76884234E-03,-20.10050230E-03
-431.00E-09,-1.76884234E-03,-20.10050230E-03
-430.00E-09,-1.76884234E-03,-20.10050230E-03
-429.00E-09,-10.33668144E-03,-20.10050230E-03
-428.00E-09,-14.75879195E-03,-20.10050230E-03
-427.00E-09,-19.18090245E-03,-20.10050230E-03
-426.00E-09,-19.45728436E-03,-20.10050230E-03
-425.00E-09,-19.45728436E-03,-20.10050230E-03
-424.00E-09,-15.03517386E-03,-20.10050230E-03
-423.00E-09,-10.61306335E-03,-20.10050230E-03
-422.00E-09,-6.19095284E-03,-20.10050230E-03
-421.00E-09,-1.76884234E-03,-20.10050230E-03
-420.00E-09,-1.76884234E-03,-20.10050230E-03
-419.00E-09,-5.91457094E-03,-20.10050230E-03
-418.00E-09,-6.19095284E-03,-20.10050230E-03
-417.00E-09,-14.75879195E-03,-20.10050230E-03
-416.00E-09,-15.03517386E-03,-20.10050230E-03
-415.00E-09,-19.18090245E-03,-20.10050230E-03
-414.00E-09,-15.03517386E-03,-20.10050230E-03
-413.00E-09,-10.61306335E-03,-20.10050230E-03
-412.00E-09,-6.19095284E-03,-20.10050230E-03
-411.00E-09,-1.76884234E-03,-20.10050230E-03
-410.00E-09,+2.65326817E-03,-20.10050230E-03
-409.00E-09,+2.65326817E-03,-20.10050230E-03
-408.00E-09,-1.49246043E-03,-20.10050230E-03
-407.00E-09,-10.33668144E-03,-20.10050230E-03
-406.00E-09,-14.75879195E-03,-20.10050230E-03
-405.00E-09,-19.18090245E-03,-20.10050230E-03
-404.00E-09,-19.45728436E-03,-38.94472320E-03
-403.00E-09,-19.45728436E-03,-40.20100459E-03
-402.00E-09,-15.03517386E-03,-40.20100459E-03
-401.00E-09,-6.19095284E-03,-20.10050230E-03
-400.00E-09,-1.76884234E-03,-20.10050230E-03
-399.00E-09,-1.76884234E-03,-20.10050230E-03
-398.00E-09,-1.76884234E-03,-20.10050230E-03
-397.00E-09,-5.91457094E-03,-20.10050230E-03
-396.00E-09,-10.33668144E-03,-20.10050230E-03
-395.00E-09,-14.75879195E-03,-20.10050230E-03
-394.00E-09,-15.03517386E-03,-20.10050230E-03
-393.00E-09,-19.18090245E-03,-20.10050230E-03
-392.00E-09,-15.03517386E-03,-20.10050230E-03
-391.00E-09,-6.19095284E-03,-20.10050230E-03
-390.00E-09,-1.76884234E-03,-20.10050230E-03
-389.00E-09,-1.76884234E-03,-20.10050230E-03
-388.00E-09,-1.76884234E-03,-38.94472320E-03
-387.00E-09,-5.91457094E-03,-40.20100459E-03
-386.00E-09,-10.33668144E-03,-20.10050230E-03
-385.00E-09,-14.75879195E-03,-20.10050230E-03
-384.00E-09,-15.03517386E-03,-20.10050230E-03
-383.00E-09,-15.03517386E-03,-20.10050230E-03
-382.00E-09,-15.03517386E-03,+0.0E+00
-381.00E-09,-10.61306335E-03,+0.0E+00
-380.00E-09,-6.19095284E-03,+0.0E+00
-379.00E-09,-1.76884234E-03,-18.84422090E-03
-378.00E-09,-1.76884234E-03,-20.10050230E-03
-377.00E-09,-1.76884234E-03,-20.10050230E-03
-376.00E-09,-5.91457094E-03,-20.10050230E-03
-375.00E-09,-10.33668144E-03,-20.10050230E-03
-374.00E-09,-14.75879195E-03,-20.10050230E-03
-373.00E-09,-19.18090245E-03,-20.10050230E-03
-372.00E-09,-15.03517386E-03,-20.10050230E-03
-371.00E-09,-15.03517386E-03,-20.10050230E-03
-370.00E-09,-10.61306335E-03,-20.10050230E-03
-369.00E-09,-1.76884234E-03,-20.10050230E-03
-368.00E-09,-1.76884234E-03,-20.10050230E-03
-367.00E-09,-1.76884234E-03,-20.10050230E-03
-366.00E-09,-1.76884234E-03,-20.10050230E-03
-365.00E-09,-5.91457094E-03,-20.10050230E-03
-364.00E-09,-10.33668144E-03,-20.10050230E-03
-363.00E-09,-14.75879195E-03,-20.10050230E-03
-362.00E-09,-15.03517386E-03,-20.10050230E-03
-361.00E-09,-15.03517386E-03,-20.10050230E-03
-360.00E-09,-10.61306335E-03,-20.10050230E-03
-359.00E-09,-1.76884234E-03,-20.10050230E-03
-358.00E-09,-1.76884234E-03,-20.10050230E-03
-357.00E-09,+2.65326817E-03,-20.10050230E-03
-356.00E-09,+2.65326817E-03,-20.10050230E-03
-355.00E-09,-5.91457094E-03,-20.10050230E-03
-354.00E-09,-10.33668144E-03,-20.10050230E-03
-353.00E-09,-14.75879195E-03,-20.10050230E-03
-352.00E-09,-19.18090245E-03,+0.0E+00
-351.00E-09,-19.45728436E-03,+0.0E+00
-350.00E-09,-15.03517386E-03,-18.84422090E-03
-349.00E-09,-10.61306335E-03,-20.10050230E-03
-348.00E-09,-6.19095284E-03,+0.0E+00
-347.00E-09,-1.76884234E-03,-18.84422090E-03
-346.00E-09,+2.65326817E-03,-20.10050230E-03
-345.00E-09,-1.49246043E-03,-20.10050230E-03
-344.00E-09,-5.91457094E-03,-20.10050230E-03
-343.00E-09,-10.33668144E-03,-20.10050230E-03
-342.00E-09,-14.75879195E-03,-20.10050230E-03
-341.00E-09,-19.18090245E-03,-20.10050230E-03
-340.00E-09,-15.03517386E-03,-20.10050230E-03
-339.00E-09,-15.03517386E-03,-20.10050230E-03
-338.00E-09,-10.61306335E-03,-20.10050230E-03
-337.00E-09,-6.19095284E-03,-20.10050230E-03
-336.00E-09,-1.76884234E-03,+0.0E+00
-335.00E-09,-1.76884234E-03,-18.84422090E-03
-334.00E-09,-1.76884234E-03,-20.10050230E-03
-333.00E-09,-5.91457094E-03,-20.10050230E-03
-332.00E-09,-10.33668144E-03,-20.10050230E-03
-331.00E-09,-14.75879195E-03,-20.10050230E-03
-330.00E-09,-15.03517386E-03,-20.10050230E-03
-329.00E-09,-15.03517386E-03,-20.10050230E-03
-328.00E-09,-10.61306335E-03,-20.10050230E-03
-327.00E-09,-6.19095284E-03,-20.10050230E-03
-326.00E-09,-1.76884234E-03,-20.10050230E-03
-325.00E-09,-1.76884234E-03,-20.10050230E-03
-324.00E-09,-1.76884234E-03,-20.10050230E-03
-323.00E-09,-5.91457094E-03,-20.10050230E-03
-322.00E-09,-10.33668144E-03,-20.10050230E-03
-321.00E-09,-14.75879195E-03,-20.10050230E-03
-320.00E-09,-19.18090245E-03,-20.10050230E-03
-319.00E-09,-19.45728436E-03,-20.10050230E-03
-318.00E-09,-15.03517386E-03,-20.10050230E-03
-317.00E-09,-10.61306335E-03,-20.10050230E-03
-316.00E-09,-6.19095284E-03,-20.10050230E-03
-315.00E-09,-1.76884234E-03,-20.10050230E-03
-314.00E-09,+2.65326817E-03,-20.10050230E-03
-313.00E-09,-1.49246043E-03,-20.10050230E-03
-312.00E-09,-5.91457094E-03,-20.10050230E-03
-311.00E-09,-10.33668144E-03,-20.10050230E-03
-310.00E-09,-19.18090245E-03,-20.10050230E-03
-309.00E-09,-19.45728436E-03,-20.10050230E-03
-308.00E-09,-15.03517386E-03,-20.10050230E-03
-307.00E-09,-15.03517386E-03,-20.10050230E-03
-306.00E-09,-6.19095284E-03,-20.10050230E-03
-305.00E-09,-1.76884234E-03,-20.10050230E-03
-304.00E-09,+2.65326817E-03,-20.10050230E-03
-303.00E-09,+2.65326817E-03,-20.10050230E-03
-302.00E-09,-1.49246043E-03,-20.10050230E-03
-301.00E-09,-5.91457094E-03,-20.10050230E-03
-300.00E-09,-10.33668144E-03,-20.10050230E-03
-299.00E-09,-14.75879195E-03,-20.10050230E-03
-298.00E-09,-15.03517386E-03,-20.10050230E-03
-297.00E-09,-15.03517386E-03,-20.10050230E-03
-296.00E-09,-10.61306335E-03,-20.10050230E-03
-295.00E-09,-6.19095284E-03,-20.10050230E-03
-294.00E-09,-1.76884234E-03,-20.10050230E-03
-293.00E-09,-1.76884234E-03,-20.10050230E-03
-292.00E-09,-1.76884234E-03,-20.10050230E-03
-291.00E-09,-5.91457094E-03,-20.10050230E-03
-290.00E-09,-10.33668144E-03,-20.10050230E-03
-289.00E-09,-14.75879195E-03,-20.10050230E-03
-288.00E-09,-19.18090245E-03,-20.10050230E-03
-287.00E-09,-19.45728436E-03,-20.10050230E-03
-286.00E-09,-15.03517386E-03,-20.10050230E-03
-285.00E-09,-10.61306335E-03,-20.10050230E-03
-284.00E-09,-6.19095284E-03,-20.10050230E-03
-283.00E-09,-1.76884234E-03,-20.10050230E-03
-282.00E-09,-1.76884234E-03,-38.94472320E-03
-281.00E-09,-5.91457094E-03,-40.20100459E-03
-280.00E-09,-10.33668144E-03,-40.20100459E-03
-279.00E-09,-14.75879195E-03,-40.20100459E-03
-278.00E-09,-19.18090245E-03,-40.20100459E-03
-277.00E-09,-19.45728436E-03,-40.20100459E-03
-276.00E-09,-15.03517386E-03,-40.20100459E-03
-275.00E-09,-10.61306335E-03,-40.20100459E-03
-274.00E-09,-6.19095284E-03,-40.20100459E-03
-273.00E-09,-1.76884234E-03,-40.20100459E-03
-272.00E-09,-1.76884234E-03,-40.20100459E-03
-271.00E-09,-1.76884234E-03,-40.20100459E-03
-270.00E-09,-5.91457094E-03,-40.20100459E-03
-269.00E-09,-14.75879195E-03,-20.10050230E-03
-268.00E-09,-19.18090245E-03,-20.10050230E-03
-267.00E-09,-19.45728436E-03,-20.10050230E-03
-266.00E-09,-19.45728436E-03,-20.10050230E-03
-265.00E-09,-19.45728436E-03,-20.10050230E-03
-264.00E-09,-10.61306335E-03,-20.10050230E-03
-263.00E-09,-6.19095284E-03,-20.10050230E-03
-262.00E-09,-1.76884234E-03,-20.10050230E-03
-261.00E-09,-1.76884234E-03,-20.10050230E-03
-260.00E-09,-5.91457094E-03,-20.10050230E-03
-259.00E-09,-10.33668144E-03,-20.10050230E-03
-258.00E-09,-10.61306335E-03,-20.10050230E-03
-257.00E-09,-14.75879195E-03,-20.10050230E-03
-256.00E-09,-19.18090245E-03,-20.10050230E-03
-255.00E-09,-15.03517386E-03,-20.10050230E-03
-254.00E-09,-10.61306335E-03,-20.10050230E-03
-253.00E-09,-6.19095284E-03,-20.10050230E-03
-252.00E-09,-1.76884234E-03,-20.10050230E-03
-251.00E-09,+2.65326817E-03,-20.10050230E-03
-250.00E-09,+2.65326817E-03,-20.10050230E-03
-249.00E-09,-1.49246043E-03,-20.10050230E-03
-248.00E-09,-10.33668144E-03,-20.10050230E-03
-247.00E-09,-14.75879195E-03,-20.10050230E-03
-246.00E-09,-19.18090245E-03,-20.10050230E-03
-245.00E-09,-19.45728436E-03,-20.10050230E-03
-244.00E-09,-15.03517386E-03,-20.10050230E-03
-243.00E-09,-10.61306335E-03,-20.10050230E-03
-242.00E-09,-6.19095284E-03,-20.10050230E-03
-241.00E-09,-1.76884234E-03,-20.10050230E-03
-240.00E-09,-1.76884234E-03,-20.10050230E-03
-239.00E-09,-1.76884234E-03,-20.10050230E-03
-238.00E-09,-5.91457094E-03,-20.10050230E-03
-237.00E-09,-10.33668144E-03,-20.10050230E-03
-236.00E-09,-14.75879195E-03,-20.10050230E-03
-235.00E-09,-15.03517386E-03,-20.10050230E-03
-234.00E-09,-15.03517386E-03,-20.10050230E-03
-233.00E-09,-15.03517386E-03,-20.10050230E-03
-232.00E-09,-6.19095284E-03,-20.10050230E-03
-231.00E-09,-1.76884234E-03,-20.10050230E-03
-230.00E-09,-1.76884234E-03,-20.10050230E-03
-229.00E-09,-1.76884234E-03,-20.10050230E-03
-228.00E-09,-1.76884234E-03,-20.10050230E-03
-227.00E-09,-10.33668144E-03,-20.10050230E-03
-226.00E-09,-14.75879195E-03,-20.10050230E-03
-225.00E-09,-15.03517386E-03,-20.10050230E-03
-224.00E-09,-15.03517386E-03,-20.10050230E-03
-223.00E-09,-15.03517386E-03,-20.10050230E-03
-222.00E-09,-10.61306335E-03,-20.10050230E-03
-221.00E-09,-6.19095284E-03,-20.10050230E-03
-220.00E-09,-1.76884234E-03,-20.10050230E-03
-219.00E-09,-1.76884234E-03,-20.10050230E-03
-218.00E-09,-1.76884234E-03,-20.10050230E-03
-217.00E-09,-5.91457094E-03,-20.10050230E-03
-216.00E-09,-10.33668144E-03,-20.10050230E-03
-215.00E-09,-14.75879195E-03,-20.10050230E-03
-214.00E-09,-19.18090245E-03,-20.10050230E-03
-213.00E-09,-19.45728436E-03,-20.10050230E-03
-212.00E-09,-15.03517386E-03,-20.10050230E-03
-211.00E-09,-10.61306335E-03,-20.10050230E-03
-210.00E-09,-6.19095284E-03,-20.10050230E-03
-209.00E-09,-1.76884234E-03,-20.10050230E-03
-208.00E-09,-1.76884234E-03,-20.10050230E-03
-207.00E-09,-1.76884234E-03,-20.10050230E-03
-206.00E-09,-5.91457094E-03,-20.10050230E-03
-205.00E-09,-14.75879195E-03,-20.10050230E-03
-204.00E-09,-19.18090245E-03,-20.10050230E-03
-203.00E-09,-19.45728436E-03,-20.10050230E-03
-202.00E-09,-19.45728436E-03,-20.10050230E-03
-201.00E-09,-15.03517386E-03,-20.10050230E-03
-200.00E-09,-6.19095284E-03,-20.10050230E-03
-199.00E-09,-1.76884234E-03,-20.10050230E-03
-198.00E-09,-1.76884234E-03,-20.10050230E-03
-197.00E-09,-1.76884234E-03,-20.10050230E-03
-196.00E-09,-5.91457094E-03,-20.10050230E-03
-195.00E-09,-10.33668144E-03,-20.10050230E-03
-194.00E-09,-14.75879195E-03,-20.10050230E-03
-193.00E-09,-19.18090245E-03,-20.10050230E-03
-192.00E-09,-19.45728436E-03,-20.10050230E-03
-191.00E-09,-15.03517386E-03,-20.10050230E-03
-190.00E-09,-10.61306335E-03,-20.10050230E-03
-189.00E-09,-6.19095284E-03,-20.10050230E-03
-188.00E-09,-1.76884234E-03,-20.10050230E-03
-187.00E-09,-1.76884234E-03,-20.10050230E-03
-186.00E-09,-1.76884234E-03,-20.10050230E-03
-185.00E-09,-5.91457094E-03,-20.10050230E-03
-184.00E-09,-10.33668144E-03,-20.10050230E-03
-183.00E-09,-14.75879195E-03,-20.10050230E-03
-182.00E-09,-15.03517386E-03,-20.10050230E-03
-181.00E-09,-15.03517386E-03,-20.10050230E-03
-180.00E-09,-10.61306335E-03,-20.10050230E-03
-179.00E-09,-6.19095284E-03,-20.10050230E-03
-178.00E-09,-1.76884234E-03,-20.10050230E-03
-177.00E-09,+2.65326817E-03,-20.10050230E-03
-176.00E-09,+2.65326817E-03,-20.10050230E-03
-175.00E-09,-1.49246043E-03,-20.10050230E-03
-174.00E-09,-5.91457094E-03,-20.10050230E-03
-173.00E-09,-14.75879195E-03,-20.10050230E-03
-172.00E-09,-15.03517386E-03,-20.10050230E-03
-171.00E-09,-19.18090245E-03,-20.10050230E-03
-170.00E-09,-15.03517386E-03,-20.10050230E-03
-169.00E-09,-10.61306335E-03,-20.10050230E-03
-168.00E-09,-6.19095284E-03,-20.10050230E-03
-167.00E-09,-1.76884234E-03,-20.10050230E-03
-166.00E-09,-1.76884234E-03,-20.10050230E-03
-165.00E-09,-5.91457094E-03,-20.10050230E-03
-164.00E-09,-10.33668144E-03,-20.10050230E-03
-163.00E-09,-14.75879195E-03,-20.10050230E-03
-162.00E-09,-19.18090245E-03,-20.10050230E-03
-161.00E-09,-19.45728436E-03,-20.10050230E-03
-160.00E-09,-19.45728436E-03,-20.10050230E-03
-159.00E-09,-15.03517386E-03,-20.10050230E-03
-158.00E-09,-10.61306335E-03,-20.10050230E-03
-157.00E-09,-6.19095284E-03,-20.10050230E-03
-156.00E-09,-1.76884234E-03,-20.10050230E-03
-155.00E-09,-1.76884234E-03,-20.10050230E-03
-154.00E-09,-1.76884234E-03,-20.10050230E-03
-153.00E-09,-5.91457094E-03,-20.10050230E-03
-152.00E-09,-10.33668144E-03,-20.10050230E-03
-151.00E-09,-14.75879195E-03,-20.10050230E-03
-150.00E-09,-19.18090245E-03,-20.10050230E-03
-149.00E-09,-19.45728436E-03,-38.94472320E-03
-148.00E-09,-15.03517386E-03,-20.10050230E-03
-147.00E-09,-10.61306335E-03,-20.10050230E-03
-146.00E-09,-6.19095284E-03,-20.10050230E-03
-145.00E-09,-1.76884234E-03,-20.10050230E-03
-144.00E-09,-1.76884234E-03,-20.10050230E-03
-143.00E-09,-5.91457094E-03,-20.10050230E-03
-142.00E-09,-10.33668144E-03,-20.10050230E-03
-141.00E-09,-14.75879195E-03,-20.10050230E-03
-140.00E-09,-19.18090245E-03,-20.10050230E-03
-139.00E-09,-19.45728436E-03,-20.10050230E-03
-138.00E-09,-15.03517386E-03,-20.10050230E-03
-137.00E-09,-10.61306335E-03,-20.10050230E-03
-136.00E-09,-6.19095284E-03,-20.10050230E-03
-135.00E-09,-1.76884234E-03,-20.10050230E-03
-134.00E-09,+2.65326817E-03,-20.10050230E-03
-133.00E-09,-1.49246043E-03,-20.10050230E-03
-132.00E-09,-1.76884234E-03,-20.10050230E-03
-131.00E-09,-10.33668144E-03,-20.10050230E-03
-130.00E-09,-14.75879195E-03,-20.10050230E-03
-129.00E-09,-15.03517386E-03,-20.10050230E-03
-128.00E-09,-15.03517386E-03,-20.10050230E-03
-127.00E-09,-15.03517386E-03,-20.10050230E-03
-126.00E-09,-6.19095284E-03,-20.10050230E-03
-125.00E-09,-1.76884234E-03,-20.10050230E-03
-124.00E-09,-1.76884234E-03,-20.10050230E-03
-123.00E-09,-1.76884234E-03,-20.10050230E-03
-122.00E-09,-1.76884234E-03,-20.10050230E-03
-121.00E-09,-5.91457094E-03,-20.10050230E-03
-120.00E-09,-14.75879195E-03,-20.10050230E-03
-119.00E-09,-15.03517386E-03,-20.10050230E-03
-118.00E-09,-19.18090245E-03,-20.10050230E-03
-117.00E-09,-15.03517386E-03,-20.10050230E-03
-116.00E-09,-10.61306335E-03,-20.10050230E-03
-115.00E-09,-6.19095284E-03,-20.10050230E-03
-114.00E-09,-1.76884234E-03,-20.10050230E-03
-113.00E-09,-1.76884234E-03,-20.10050230E-03
-112.00E-09,-1.76884234E-03,-20.10050230E-03
-111.00E-09,-5.91457094E-03,-20.10050230E-03
-110.00E-09,-10.33668144E-03,-20.10050230E-03
-109.00E-09,-14.75879195E-03,-20.10050230E-03
-108.00E-09,-19.18090245E-03,-20.10050230E-03
-107.00E-09,-19.45728436E-03,-20.10050230E-03
-106.00E-09,-15.03517386E-03,-20.10050230E-03
-105.00E-09,-10.61306335E-03,-20.10050230E-03
-104.00E-09,-6.19095284E-03,-20.10050230E-03
-103.00E-09,-1.76884234E-03,-20.10050230E-03
-102.00E-09,-1.76884234E-03,-20.10050230E-03
-101.00E-09,-5.91457094E-03,-20.10050230E-03
-100.00E-09,-10.33668144E-03,-20.10050230E-03
-99.00E-09,-14.75879195E-03,-20.10050230E-03
-98.00E-09,-19.18090245E-03,-20.10050230E-03
-97.00E-09,-19.45728436E-03,-20.10050230E-03
-96.00E-09,-19.45728436E-03,-20.10050230E-03
-95.00E-09,-15.03517386E-03,-20.10050230E-03
-94.00E-09,-10.61306335E-03,-20.10050230E-03
-93.00E-09,-1.76884234E-03,-20.10050230E-03
-92.00E-09,-1.76884234E-03,-20.10050230E-03
-91.00E-09,-1.76884234E-03,-20.10050230E-03
-90.00E-09,-5.91457094E-03,-20.10050230E-03
-89.00E-09,-10.33668144E-03,-20.10050230E-03
-88.00E-09,-14.75879195E-03,-20.10050230E-03
-87.00E-09,-19.18090245E-03,-20.10050230E-03
-86.00E-09,-19.45728436E-03,-20.10050230E-03
-85.00E-09,-15.03517386E-03,-20.10050230E-03
-84.00E-09,-10.61306335E-03,-38.94472320E-03
-83.00E-09,-6.19095284E-03,-40.20100459E-03
-82.00E-09,-1.76884234E-03,-40.20100459E-03
-81.00E-09,+2.65326817E-03,-40.20100459E-03
-80.00E-09,-1.49246043E-03,-20.10050230E-03
-79.00E-09,-5.91457094E-03,-20.10050230E-03
-78.00E-09,-10.33668144E-03,-20.10050230E-03
-77.00E-09,-14.75879195E-03,-20.10050230E-03
-76.00E-09,-19.18090245E-03,-20.10050230E-03
-75.00E-09,-19.45728436E-03,-38.94472320E-03
-74.00E-09,-15.03517386E-03,-40.20100459E-03
-73.00E-09,-15.03517386E-03,-40.20100459E-03
-72.00E-09,-10.61306335E-03,-20.10050230E-03
-71.00E-09,-6.19095284E-03,-20.10050230E-03
-70.00E-09,-6.19095284E-03,-20.10050230E-03
-69.00E-09,-6.19095284E-03,-20.10050230E-03
-68.00E-09,-6.19095284E-03,-20.10050230E-03
-67.00E-09,-10.33668144E-03,-20.10050230E-03
-66.00E-09,-14.75879195E-03,-20.10050230E-03
-65.00E-09,-15.03517386E-03,-20.10050230E-03
-64.00E-09,-15.03517386E-03,-20.10050230E-03
-63.00E-09,-10.61306335E-03,-20.10050230E-03
-62.00E-09,-6.19095284E-03,-20.10050230E-03
-61.00E-09,-1.76884234E-03,-20.10050230E-03
-60.00E-09,-1.76884234E-03,-20.10050230E-03
-59.00E-09,-1.76884234E-03,-20.10050230E-03
-58.00E-09,-5.91457094E-03,-20.10050230E-03
-57.00E-09,-10.33668144E-03,-20.10050230E-03
-56.00E-09,-14.75879195E-03,-20.10050230E-03
-55.00E-09,-19.18090245E-03,-20.10050230E-03
-54.00E-09,-15.03517386E-03,-20.10050230E-03
-53.00E-09,-15.03517386E-03,-20.10050230E-03
-52.00E-09,-10.61306335E-03,-20.10050230E-03
-51.00E-09,-6.19095284E-03,-20.10050230E-03
-50.00E-09,-1.76884234E-03,-20.10050230E-03
-49.00E-09,-1.76884234E-03,-20.10050230E-03
-48.00E-09,-5.91457094E-03,-20.10050230E-03
-47.00E-09,-10.33668144E-03,-20.10050230E-03
-46.00E-09,-14.75879195E-03,-20.10050230E-03
-45.00E-09,-23.60301296E-03,-20.10050230E-03
-44.00E-09,-23.87939487E-03,-20.10050230E-03
-43.00E-09,-23.87939487E-03,-20.10050230E-03
-42.00E-09,-15.03517386E-03,-20.10050230E-03
-41.00E-09,-10.61306335E-03,-20.10050230E-03
-40.00E-09,-1.76884234E-03,-20.10050230E-03
-39.00E-09,+7.07537867E-03,-20.10050230E-03
-38.00E-09,+11.49748918E-03,-20.10050230E-03
-37.00E-09,+15.91959968E-03,-20.10050230E-03
-36.00E-09,+20.34171019E-03,-20.10050230E-03
-35.00E-09,+24.76382069E-03,-20.10050230E-03
-34.00E-09,+38.03015221E-03,-20.10050230E-03
-33.00E-09,+46.87437322E-03,-20.10050230E-03
-32.00E-09,+68.98492575E-03,-20.10050230E-03
-31.00E-09,+91.09547827E-03,-20.10050230E-03
-30.00E-09,+113.20603080E-03,-20.10050230E-03
-29.00E-09,+139.73869383E-03,-20.10050230E-03
-28.00E-09,+161.84924636E-03,-20.10050230E-03
-27.00E-09,+183.95979889E-03,-20.10050230E-03
-26.00E-09,+210.49246192E-03,-20.10050230E-03
-25.00E-09,+228.18090394E-03,-20.10050230E-03
-24.00E-09,+254.71356697E-03,-20.10050230E-03
-23.00E-09,+276.82411950E-03,-20.10050230E-03
-22.00E-09,+307.77889304E-03,-20.10050230E-03
-21.00E-09,+338.73366658E-03,-20.10050230E-03
-20.00E-09,+369.41205821E-03,-20.10050230E-03
-19.00E-09,+400.36683175E-03,-20.10050230E-03
-18.00E-09,+426.89949478E-03,-20.10050230E-03
-17.00E-09,+453.43215781E-03,-20.10050230E-03
-16.00E-09,+475.54271034E-03,-20.10050230E-03
-15.00E-09,+493.23115236E-03,-20.10050230E-03
-14.00E-09,+510.91959438E-03,-20.10050230E-03
-13.00E-09,+528.60803640E-03,-20.10050230E-03
-12.00E-09,+550.71858893E-03,-20.10050230E-03
-11.00E-09,+572.82914146E-03,-20.10050230E-03
-10.00E-09,+594.93969398E-03,-20.10050230E-03
-9.00E-09,+621.47235702E-03,-20.10050230E-03
-8.00E-09,+639.16079904E-03,-20.10050230E-03
-7.00E-09,+656.84924106E-03,-20.10050230E-03
-6.00E-09,+670.11557258E-03,-20.10050230E-03
-5.00E-09,+678.95979359E-03,-20.10050230E-03
-4.00E-09,+687.80401460E-03,-20.10050230E-03
-3.00E-09,+692.22612510E-03,-20.10050230E-03
-2.00E-09,+701.07034611E-03,-20.10050230E-03
-1.00E-09,+705.49245662E-03,-20.10050230E-03
-0.0E+00,+714.33667763E-03,-20.10050230E-03
+1.00E-09,+727.60300915E-03,-20.10050230E-03
+2.00E-09,+732.02511965E-03,-20.10050230E-03
+3.00E-09,+736.44723016E-03,-20.10050230E-03
+4.00E-09,+736.72361206E-03,-20.10050230E-03
+5.00E-09,+732.30150156E-03,-20.10050230E-03
+6.00E-09,+723.45728055E-03,-20.10050230E-03
+7.00E-09,+714.61305954E-03,-20.10050230E-03
+8.00E-09,+705.76883852E-03,-20.10050230E-03
+9.00E-09,+696.92461751E-03,-20.10050230E-03
+10.00E-09,+688.08039650E-03,-20.10050230E-03
+11.00E-09,+683.65828600E-03,-20.10050230E-03
+12.00E-09,+679.23617549E-03,-20.10050230E-03
+13.00E-09,+670.39195448E-03,-20.10050230E-03
+14.00E-09,+661.54773347E-03,-20.10050230E-03
+15.00E-09,+648.28140195E-03,-20.10050230E-03
+16.00E-09,+630.59295993E-03,-20.10050230E-03
+17.00E-09,+612.90451791E-03,-20.10050230E-03
+18.00E-09,+590.79396538E-03,-20.10050230E-03
+19.00E-09,+568.68341286E-03,-20.10050230E-03
+20.00E-09,+550.99497084E-03,-20.10050230E-03
+21.00E-09,+528.88441831E-03,-20.10050230E-03
+22.00E-09,+511.19597629E-03,-20.10050230E-03
+23.00E-09,+493.50753427E-03,-20.10050230E-03
+24.00E-09,+475.81909224E-03,-20.10050230E-03
+25.00E-09,+449.28642921E-03,-20.10050230E-03
+26.00E-09,+422.75376618E-03,-20.10050230E-03
+27.00E-09,+391.79899264E-03,-20.10050230E-03
+28.00E-09,+360.84421910E-03,-20.10050230E-03
+29.00E-09,+330.16582747E-03,-20.10050230E-03
+30.00E-09,+299.21105393E-03,-20.10050230E-03
+31.00E-09,+277.10050141E-03,-20.10050230E-03
+32.00E-09,+254.98994888E-03,-20.10050230E-03
+33.00E-09,+237.30150686E-03,-20.10050230E-03
+34.00E-09,+219.61306484E-03,-20.10050230E-03
+35.00E-09,+197.50251231E-03,-20.10050230E-03
+36.00E-09,+179.81407029E-03,-20.10050230E-03
+37.00E-09,+153.28140726E-03,-20.10050230E-03
+38.00E-09,+126.74874422E-03,-20.10050230E-03
+39.00E-09,+100.21608119E-03,-20.10050230E-03
+40.00E-09,+78.10552866E-03,-20.10050230E-03
+41.00E-09,+60.41708664E-03,-20.10050230E-03
+42.00E-09,+47.15075513E-03,-20.10050230E-03
+43.00E-09,+33.88442361E-03,-20.10050230E-03
+44.00E-09,+25.04020260E-03,-20.10050230E-03
+45.00E-09,+16.19598159E-03,-20.10050230E-03
+46.00E-09,+7.35176058E-03,-20.10050230E-03
+47.00E-09,-1.49246043E-03,-20.10050230E-03
+48.00E-09,-14.75879195E-03,-20.10050230E-03
+49.00E-09,-23.60301296E-03,-20.10050230E-03
+50.00E-09,-32.44723397E-03,-20.10050230E-03
+51.00E-09,-41.29145498E-03,-20.10050230E-03
+52.00E-09,-41.56783689E-03,-20.10050230E-03
+53.00E-09,-37.14572638E-03,-20.10050230E-03
+54.00E-09,-28.30150537E-03,-20.10050230E-03
+55.00E-09,-19.45728436E-03,+0.0E+00
+56.00E-09,-15.03517386E-03,-18.84422090E-03
+57.00E-09,-10.61306335E-03,-20.10050230E-03
+58.00E-09,-10.61306335E-03,-20.10050230E-03
+59.00E-09,-10.61306335E-03,-20.10050230E-03
+60.00E-09,-10.61306335E-03,-20.10050230E-03
+61.00E-09,-10.61306335E-03,-20.10050230E-03
+62.00E-09,-10.61306335E-03,-20.10050230E-03
+63.00E-09,-6.19095284E-03,-20.10050230E-03
+64.00E-09,+2.65326817E-03,-20.10050230E-03
+65.00E-09,+7.07537867E-03,-20.10050230E-03
+66.00E-09,+15.91959968E-03,-20.10050230E-03
+67.00E-09,+20.34171019E-03,-20.10050230E-03
+68.00E-09,+20.34171019E-03,-20.10050230E-03
+69.00E-09,+16.19598159E-03,-20.10050230E-03
+70.00E-09,+11.77387108E-03,-20.10050230E-03
+71.00E-09,+2.92965007E-03,-20.10050230E-03
+72.00E-09,-1.49246043E-03,-20.10050230E-03
+73.00E-09,-1.76884234E-03,-20.10050230E-03
+74.00E-09,+2.65326817E-03,-20.10050230E-03
+75.00E-09,+2.65326817E-03,-20.10050230E-03
+76.00E-09,+7.07537867E-03,-20.10050230E-03
+77.00E-09,+11.49748918E-03,-20.10050230E-03
+78.00E-09,+11.49748918E-03,-20.10050230E-03
+79.00E-09,+11.49748918E-03,-20.10050230E-03
+80.00E-09,+7.35176058E-03,-20.10050230E-03
+81.00E-09,-1.49246043E-03,-20.10050230E-03
+82.00E-09,-5.91457094E-03,-20.10050230E-03
+83.00E-09,-10.33668144E-03,-20.10050230E-03
+84.00E-09,-10.61306335E-03,-20.10050230E-03
+85.00E-09,-6.19095284E-03,-20.10050230E-03
+86.00E-09,-1.76884234E-03,-20.10050230E-03
+87.00E-09,+2.65326817E-03,-20.10050230E-03
+88.00E-09,+7.07537867E-03,-20.10050230E-03
+89.00E-09,+7.07537867E-03,-20.10050230E-03
+90.00E-09,+2.92965007E-03,-20.10050230E-03
+91.00E-09,-1.49246043E-03,-20.10050230E-03
+92.00E-09,-5.91457094E-03,-20.10050230E-03
+93.00E-09,-6.19095284E-03,-20.10050230E-03
+94.00E-09,-6.19095284E-03,-20.10050230E-03
+95.00E-09,-6.19095284E-03,-20.10050230E-03
+96.00E-09,-1.76884234E-03,-20.10050230E-03
+97.00E-09,+2.65326817E-03,-20.10050230E-03
+98.00E-09,+7.07537867E-03,-20.10050230E-03
+99.00E-09,+11.49748918E-03,-20.10050230E-03
+100.00E-09,+7.35176058E-03,-20.10050230E-03
+101.00E-09,+2.92965007E-03,-20.10050230E-03
+102.00E-09,-1.49246043E-03,-20.10050230E-03
+103.00E-09,-10.33668144E-03,-20.10050230E-03
+104.00E-09,-14.75879195E-03,-20.10050230E-03
+105.00E-09,-15.03517386E-03,-20.10050230E-03
+106.00E-09,-15.03517386E-03,-20.10050230E-03
+107.00E-09,-10.61306335E-03,-20.10050230E-03
+108.00E-09,-1.76884234E-03,-20.10050230E-03
+109.00E-09,-1.76884234E-03,-20.10050230E-03
+110.00E-09,+2.65326817E-03,-20.10050230E-03
+111.00E-09,-1.49246043E-03,-20.10050230E-03
+112.00E-09,-5.91457094E-03,-20.10050230E-03
+113.00E-09,-10.33668144E-03,-20.10050230E-03
+114.00E-09,-14.75879195E-03,-20.10050230E-03
+115.00E-09,-15.03517386E-03,-20.10050230E-03
+116.00E-09,-15.03517386E-03,-20.10050230E-03
+117.00E-09,-10.61306335E-03,-20.10050230E-03
+118.00E-09,-1.76884234E-03,-20.10050230E-03
+119.00E-09,+7.07537867E-03,-20.10050230E-03
+120.00E-09,+11.49748918E-03,-20.10050230E-03
+121.00E-09,+15.91959968E-03,-20.10050230E-03
+122.00E-09,+20.34171019E-03,-20.10050230E-03
+123.00E-09,+24.76382069E-03,-20.10050230E-03
+124.00E-09,+29.18593120E-03,-20.10050230E-03
+125.00E-09,+33.60804170E-03,-20.10050230E-03
+126.00E-09,+46.87437322E-03,-20.10050230E-03
+127.00E-09,+60.14070474E-03,-20.10050230E-03
+128.00E-09,+77.82914676E-03,-20.10050230E-03
+129.00E-09,+99.93969928E-03,-20.10050230E-03
+130.00E-09,+122.05025181E-03,-20.10050230E-03
+131.00E-09,+144.16080434E-03,-20.10050230E-03
+132.00E-09,+161.84924636E-03,-20.10050230E-03
+133.00E-09,+179.53768838E-03,-20.10050230E-03
+134.00E-09,+192.80401990E-03,-20.10050230E-03
+135.00E-09,+210.49246192E-03,-20.10050230E-03
+136.00E-09,+232.60301445E-03,-20.10050230E-03
+137.00E-09,+254.71356697E-03,-20.10050230E-03
+138.00E-09,+281.24623001E-03,-20.10050230E-03
+139.00E-09,+307.77889304E-03,-20.10050230E-03
+140.00E-09,+338.73366658E-03,-20.10050230E-03
+141.00E-09,+364.98994770E-03,-20.10050230E-03
+142.00E-09,+387.10050023E-03,-20.10050230E-03
+143.00E-09,+404.78894225E-03,-20.10050230E-03
+144.00E-09,+418.05527377E-03,-20.10050230E-03
+145.00E-09,+435.74371579E-03,-20.10050230E-03
+146.00E-09,+449.01004730E-03,-20.10050230E-03
+147.00E-09,+466.69848933E-03,-20.10050230E-03
+148.00E-09,+484.38693135E-03,-20.10050230E-03
+149.00E-09,+506.49748388E-03,-20.10050230E-03
+150.00E-09,+528.60803640E-03,-20.10050230E-03
+151.00E-09,+550.71858893E-03,-20.10050230E-03
+152.00E-09,+568.40703095E-03,-20.10050230E-03
+153.00E-09,+586.09547297E-03,-20.10050230E-03
+154.00E-09,+594.93969398E-03,-20.10050230E-03
+155.00E-09,+603.78391499E-03,-20.10050230E-03
+156.00E-09,+612.62813600E-03,-20.10050230E-03
+157.00E-09,+617.05024651E-03,-20.10050230E-03
+158.00E-09,+625.89446752E-03,-20.10050230E-03
+159.00E-09,+639.16079904E-03,-20.10050230E-03
+160.00E-09,+648.00502005E-03,-38.94472320E-03
+161.00E-09,+656.84924106E-03,-40.20100459E-03
+162.00E-09,+665.69346207E-03,-40.20100459E-03
+163.00E-09,+665.96984398E-03,-20.10050230E-03
+164.00E-09,+665.96984398E-03,-20.10050230E-03
+165.00E-09,+661.54773347E-03,-20.10050230E-03
+166.00E-09,+657.12562297E-03,-20.10050230E-03
+167.00E-09,+652.70351246E-03,-20.10050230E-03
+168.00E-09,+648.28140195E-03,-20.10050230E-03
+169.00E-09,+643.85929145E-03,-20.10050230E-03
+170.00E-09,+639.43718094E-03,-20.10050230E-03
+171.00E-09,+639.43718094E-03,-20.10050230E-03
+172.00E-09,+635.01507044E-03,-20.10050230E-03
+173.00E-09,+630.59295993E-03,-20.10050230E-03
+174.00E-09,+621.74873892E-03,-20.10050230E-03
+175.00E-09,+608.48240741E-03,-20.10050230E-03
+176.00E-09,+590.79396538E-03,-20.10050230E-03
+177.00E-09,+577.52763387E-03,-20.10050230E-03
+178.00E-09,+559.83919185E-03,-20.10050230E-03
+179.00E-09,+542.15074982E-03,-20.10050230E-03
+180.00E-09,+528.88441831E-03,-20.10050230E-03
+181.00E-09,+511.19597629E-03,-20.10050230E-03
+182.00E-09,+497.92964477E-03,-20.10050230E-03
+183.00E-09,+484.66331325E-03,-20.10050230E-03
+184.00E-09,+462.55276073E-03,-20.10050230E-03
+185.00E-09,+440.44220820E-03,-20.10050230E-03
+186.00E-09,+413.90954517E-03,-20.10050230E-03
+187.00E-09,+387.37688214E-03,-20.10050230E-03
+188.00E-09,+360.84421910E-03,-20.10050230E-03
+189.00E-09,+334.58793798E-03,-20.10050230E-03
+190.00E-09,+316.89949596E-03,-20.10050230E-03
+191.00E-09,+294.78894343E-03,-20.10050230E-03
+192.00E-09,+277.10050141E-03,-20.10050230E-03
+193.00E-09,+263.83416989E-03,-20.10050230E-03
+194.00E-09,+246.14572787E-03,-20.10050230E-03
+195.00E-09,+228.45728585E-03,-20.10050230E-03
+196.00E-09,+206.34673332E-03,-20.10050230E-03
+197.00E-09,+179.81407029E-03,-20.10050230E-03
+198.00E-09,+157.70351776E-03,-20.10050230E-03
+199.00E-09,+135.59296523E-03,-20.10050230E-03
+200.00E-09,+117.90452321E-03,-20.10050230E-03
+201.00E-09,+104.63819170E-03,-20.10050230E-03
+202.00E-09,+91.37186018E-03,-20.10050230E-03
+203.00E-09,+82.52763917E-03,-20.10050230E-03
+204.00E-09,+73.68341816E-03,-20.10050230E-03
+205.00E-09,+64.83919715E-03,-20.10050230E-03
+206.00E-09,+55.99497614E-03,-20.10050230E-03
+207.00E-09,+42.72864462E-03,-20.10050230E-03
+208.00E-09,+29.46231310E-03,-20.10050230E-03
+209.00E-09,+20.61809209E-03,-20.10050230E-03
+210.00E-09,+11.77387108E-03,-20.10050230E-03
+211.00E-09,+7.35176058E-03,-20.10050230E-03
+212.00E-09,+7.07537867E-03,-20.10050230E-03
+213.00E-09,+7.07537867E-03,-20.10050230E-03
+214.00E-09,+11.49748918E-03,-20.10050230E-03
+215.00E-09,+15.91959968E-03,-20.10050230E-03
+216.00E-09,+20.34171019E-03,-20.10050230E-03
+217.00E-09,+20.34171019E-03,-20.10050230E-03
+218.00E-09,+16.19598159E-03,+0.0E+00
+219.00E-09,+11.77387108E-03,+0.0E+00
+220.00E-09,+7.35176058E-03,+0.0E+00
+221.00E-09,+7.07537867E-03,+0.0E+00
+222.00E-09,+7.07537867E-03,-18.84422090E-03
+223.00E-09,+11.49748918E-03,-20.10050230E-03
+224.00E-09,+15.91959968E-03,-20.10050230E-03
+225.00E-09,+20.34171019E-03,-20.10050230E-03
+226.00E-09,+24.76382069E-03,-20.10050230E-03
+227.00E-09,+24.76382069E-03,-20.10050230E-03
+228.00E-09,+20.61809209E-03,-20.10050230E-03
+229.00E-09,+11.77387108E-03,+0.0E+00
+230.00E-09,+11.49748918E-03,+0.0E+00
+231.00E-09,+2.92965007E-03,+0.0E+00
+232.00E-09,+2.65326817E-03,-18.84422090E-03
+233.00E-09,+7.07537867E-03,-20.10050230E-03
+234.00E-09,+7.07537867E-03,-20.10050230E-03
+235.00E-09,+11.49748918E-03,-20.10050230E-03
+236.00E-09,+15.91959968E-03,-20.10050230E-03
+237.00E-09,+20.34171019E-03,-20.10050230E-03
+238.00E-09,+20.34171019E-03,-20.10050230E-03
+239.00E-09,+16.19598159E-03,-20.10050230E-03
+240.00E-09,+7.35176058E-03,-20.10050230E-03
+241.00E-09,+2.92965007E-03,-20.10050230E-03
+242.00E-09,-1.49246043E-03,-20.10050230E-03
+243.00E-09,-1.76884234E-03,-20.10050230E-03
+244.00E-09,-1.76884234E-03,-20.10050230E-03
+245.00E-09,+2.65326817E-03,-20.10050230E-03
+246.00E-09,+7.07537867E-03,-20.10050230E-03
+247.00E-09,+11.49748918E-03,-20.10050230E-03
+248.00E-09,+15.91959968E-03,-20.10050230E-03
+249.00E-09,+11.77387108E-03,-20.10050230E-03
+250.00E-09,+7.35176058E-03,-20.10050230E-03
+251.00E-09,+2.92965007E-03,-20.10050230E-03
+252.00E-09,-1.49246043E-03,-20.10050230E-03
+253.00E-09,-5.91457094E-03,-20.10050230E-03
+254.00E-09,-1.76884234E-03,-20.10050230E-03
+255.00E-09,-1.76884234E-03,-20.10050230E-03
+256.00E-09,+7.07537867E-03,-20.10050230E-03
+257.00E-09,+11.49748918E-03,-20.10050230E-03
+258.00E-09,+11.49748918E-03,-20.10050230E-03
+259.00E-09,+11.49748918E-03,-20.10050230E-03
+260.00E-09,+7.35176058E-03,-20.10050230E-03
+261.00E-09,+2.92965007E-03,-20.10050230E-03
+262.00E-09,-1.49246043E-03,-20.10050230E-03
+263.00E-09,-10.33668144E-03,-20.10050230E-03
+264.00E-09,-10.61306335E-03,-20.10050230E-03
+265.00E-09,-6.19095284E-03,-20.10050230E-03
+266.00E-09,-1.76884234E-03,-20.10050230E-03
+267.00E-09,+2.65326817E-03,-20.10050230E-03
+268.00E-09,+7.07537867E-03,+0.0E+00
+269.00E-09,+7.07537867E-03,+0.0E+00
+270.00E-09,+7.07537867E-03,+0.0E+00
+271.00E-09,+2.92965007E-03,+0.0E+00
+272.00E-09,-5.91457094E-03,+0.0E+00
+273.00E-09,-6.19095284E-03,-18.84422090E-03
+274.00E-09,-10.33668144E-03,-20.10050230E-03
+275.00E-09,-10.61306335E-03,-20.10050230E-03
+276.00E-09,-6.19095284E-03,-20.10050230E-03
+277.00E-09,-1.76884234E-03,-20.10050230E-03
+278.00E-09,+7.07537867E-03,-20.10050230E-03
+279.00E-09,+11.49748918E-03,-20.10050230E-03
+280.00E-09,+11.49748918E-03,-38.94472320E-03
+281.00E-09,+7.35176058E-03,-20.10050230E-03
+282.00E-09,+7.07537867E-03,-20.10050230E-03
+283.00E-09,-1.49246043E-03,-20.10050230E-03
+284.00E-09,-1.76884234E-03,-38.94472320E-03
+285.00E-09,-5.91457094E-03,-40.20100459E-03
+286.00E-09,-1.76884234E-03,-40.20100459E-03
+287.00E-09,-1.76884234E-03,-40.20100459E-03
+288.00E-09,+7.07537867E-03,-40.20100459E-03
+289.00E-09,+11.49748918E-03,-20.10050230E-03
+290.00E-09,+15.91959968E-03,-20.10050230E-03
+291.00E-09,+11.77387108E-03,-20.10050230E-03
+292.00E-09,+7.35176058E-03,-20.10050230E-03
+293.00E-09,+2.92965007E-03,-20.10050230E-03
+294.00E-09,-1.49246043E-03,-20.10050230E-03
+295.00E-09,-5.91457094E-03,-20.10050230E-03
+296.00E-09,-6.19095284E-03,-20.10050230E-03
+297.00E-09,-6.19095284E-03,-20.10050230E-03
+298.00E-09,-1.76884234E-03,-20.10050230E-03
+299.00E-09,+2.65326817E-03,-20.10050230E-03
+300.00E-09,+7.07537867E-03,-20.10050230E-03
+301.00E-09,+7.07537867E-03,-20.10050230E-03
+302.00E-09,+7.07537867E-03,-20.10050230E-03
+303.00E-09,-1.49246043E-03,-20.10050230E-03
+304.00E-09,-5.91457094E-03,-20.10050230E-03
+305.00E-09,-10.33668144E-03,-20.10050230E-03
+306.00E-09,-10.61306335E-03,-20.10050230E-03
+307.00E-09,-14.75879195E-03,-20.10050230E-03
+308.00E-09,-10.61306335E-03,-20.10050230E-03
+309.00E-09,-6.19095284E-03,-20.10050230E-03
+310.00E-09,-1.76884234E-03,-20.10050230E-03
+311.00E-09,+2.65326817E-03,-20.10050230E-03
+312.00E-09,+2.65326817E-03,-20.10050230E-03
+313.00E-09,+2.65326817E-03,-20.10050230E-03
+314.00E-09,-5.91457094E-03,-20.10050230E-03
+315.00E-09,-10.33668144E-03,-20.10050230E-03
+316.00E-09,-10.61306335E-03,-20.10050230E-03
+317.00E-09,-14.75879195E-03,-20.10050230E-03
+318.00E-09,-10.61306335E-03,-20.10050230E-03
+319.00E-09,-6.19095284E-03,-20.10050230E-03
+320.00E-09,-1.76884234E-03,-20.10050230E-03
+321.00E-09,+2.65326817E-03,-20.10050230E-03
+322.00E-09,+2.65326817E-03,-20.10050230E-03
+323.00E-09,+2.65326817E-03,-20.10050230E-03
+324.00E-09,-1.49246043E-03,-20.10050230E-03
+325.00E-09,-10.33668144E-03,-20.10050230E-03
+326.00E-09,-14.75879195E-03,-20.10050230E-03
+327.00E-09,-19.18090245E-03,-20.10050230E-03
+328.00E-09,-19.45728436E-03,-20.10050230E-03
+329.00E-09,-10.61306335E-03,-20.10050230E-03
+330.00E-09,-6.19095284E-03,-20.10050230E-03
+331.00E-09,-1.76884234E-03,-20.10050230E-03
+332.00E-09,+2.65326817E-03,-20.10050230E-03
+333.00E-09,+2.65326817E-03,-20.10050230E-03
+334.00E-09,-1.49246043E-03,-20.10050230E-03
+335.00E-09,-5.91457094E-03,-20.10050230E-03
+336.00E-09,-10.33668144E-03,-20.10050230E-03
+337.00E-09,-14.75879195E-03,-20.10050230E-03
+338.00E-09,-15.03517386E-03,-20.10050230E-03
+339.00E-09,-15.03517386E-03,-20.10050230E-03
+340.00E-09,-10.61306335E-03,-20.10050230E-03
+341.00E-09,-6.19095284E-03,-20.10050230E-03
+342.00E-09,-1.76884234E-03,-20.10050230E-03
+343.00E-09,+2.65326817E-03,-20.10050230E-03
+344.00E-09,-1.49246043E-03,-20.10050230E-03
+345.00E-09,-1.76884234E-03,-38.94472320E-03
+346.00E-09,-5.91457094E-03,-40.20100459E-03
+347.00E-09,-14.75879195E-03,-40.20100459E-03
+348.00E-09,-19.18090245E-03,-20.10050230E-03
+349.00E-09,-19.45728436E-03,-20.10050230E-03
+350.00E-09,-15.03517386E-03,-38.94472320E-03
+351.00E-09,-10.61306335E-03,-40.20100459E-03
+352.00E-09,-1.76884234E-03,-40.20100459E-03
+353.00E-09,+2.65326817E-03,-40.20100459E-03
+354.00E-09,+2.65326817E-03,-20.10050230E-03
+355.00E-09,+2.65326817E-03,-20.10050230E-03
+356.00E-09,-1.49246043E-03,-20.10050230E-03
+357.00E-09,-10.33668144E-03,-38.94472320E-03
+358.00E-09,-10.61306335E-03,-20.10050230E-03
+359.00E-09,-14.75879195E-03,-20.10050230E-03
+360.00E-09,-10.61306335E-03,-20.10050230E-03
+361.00E-09,-6.19095284E-03,-20.10050230E-03
+362.00E-09,-1.76884234E-03,-20.10050230E-03
+363.00E-09,+2.65326817E-03,-20.10050230E-03
+364.00E-09,+7.07537867E-03,-20.10050230E-03
+365.00E-09,+7.07537867E-03,-20.10050230E-03
+366.00E-09,+2.92965007E-03,-20.10050230E-03
+367.00E-09,-1.49246043E-03,-20.10050230E-03
+368.00E-09,-5.91457094E-03,-20.10050230E-03
+369.00E-09,-10.33668144E-03,-20.10050230E-03
+370.00E-09,-10.61306335E-03,-20.10050230E-03
+371.00E-09,-6.19095284E-03,-20.10050230E-03
+372.00E-09,-1.76884234E-03,-20.10050230E-03
+373.00E-09,+2.65326817E-03,-20.10050230E-03
+374.00E-09,+7.07537867E-03,-20.10050230E-03
+375.00E-09,+7.07537867E-03,-20.10050230E-03
+376.00E-09,+2.92965007E-03,-20.10050230E-03
+377.00E-09,-1.49246043E-03,-20.10050230E-03
+378.00E-09,-5.91457094E-03,-20.10050230E-03
+379.00E-09,-14.75879195E-03,-20.10050230E-03
+380.00E-09,-19.18090245E-03,-20.10050230E-03
+381.00E-09,-19.45728436E-03,-20.10050230E-03
+382.00E-09,-15.03517386E-03,-20.10050230E-03
+383.00E-09,-10.61306335E-03,-20.10050230E-03
+384.00E-09,-6.19095284E-03,-20.10050230E-03
+385.00E-09,-1.76884234E-03,-20.10050230E-03
+386.00E-09,-1.76884234E-03,-20.10050230E-03
+387.00E-09,-5.91457094E-03,-20.10050230E-03
+388.00E-09,-10.33668144E-03,-20.10050230E-03
+389.00E-09,-14.75879195E-03,-20.10050230E-03
+390.00E-09,-19.18090245E-03,-20.10050230E-03
+391.00E-09,-19.45728436E-03,-20.10050230E-03
+392.00E-09,-19.45728436E-03,-20.10050230E-03
+393.00E-09,-15.03517386E-03,-20.10050230E-03
+394.00E-09,-6.19095284E-03,-20.10050230E-03
+395.00E-09,-1.76884234E-03,-20.10050230E-03
+396.00E-09,-1.76884234E-03,-20.10050230E-03
+397.00E-09,-1.76884234E-03,-20.10050230E-03
+398.00E-09,-5.91457094E-03,-20.10050230E-03
+399.00E-09,-10.33668144E-03,-20.10050230E-03
+400.00E-09,-14.75879195E-03,-20.10050230E-03
+401.00E-09,-19.18090245E-03,-20.10050230E-03
+402.00E-09,-19.45728436E-03,+0.0E+00
+403.00E-09,-15.03517386E-03,+0.0E+00
+404.00E-09,-10.61306335E-03,+0.0E+00
+405.00E-09,-6.19095284E-03,+0.0E+00
+406.00E-09,+2.65326817E-03,+0.0E+00
+407.00E-09,+2.65326817E-03,-18.84422090E-03
+408.00E-09,-1.49246043E-03,-20.10050230E-03
+409.00E-09,-1.76884234E-03,-20.10050230E-03
+410.00E-09,-10.33668144E-03,-20.10050230E-03
+411.00E-09,-14.75879195E-03,-20.10050230E-03
+412.00E-09,-19.18090245E-03,-20.10050230E-03
+413.00E-09,-19.45728436E-03,-20.10050230E-03
+414.00E-09,-15.03517386E-03,-20.10050230E-03
+415.00E-09,-10.61306335E-03,-20.10050230E-03
+416.00E-09,-6.19095284E-03,-20.10050230E-03
+417.00E-09,-1.76884234E-03,-20.10050230E-03
+418.00E-09,+2.65326817E-03,-20.10050230E-03
+419.00E-09,-1.49246043E-03,-20.10050230E-03
+420.00E-09,-5.91457094E-03,-20.10050230E-03
+421.00E-09,-14.75879195E-03,-20.10050230E-03
+422.00E-09,-15.03517386E-03,-20.10050230E-03
+423.00E-09,-19.18090245E-03,-20.10050230E-03
+424.00E-09,-19.45728436E-03,-20.10050230E-03
+425.00E-09,-15.03517386E-03,-20.10050230E-03
+426.00E-09,-10.61306335E-03,-20.10050230E-03
+427.00E-09,-10.61306335E-03,-20.10050230E-03
+428.00E-09,-6.19095284E-03,-20.10050230E-03
+429.00E-09,-6.19095284E-03,-20.10050230E-03
+430.00E-09,-6.19095284E-03,-20.10050230E-03
+431.00E-09,-10.33668144E-03,-20.10050230E-03
+432.00E-09,-10.61306335E-03,-20.10050230E-03
+433.00E-09,-14.75879195E-03,-20.10050230E-03
+434.00E-09,-15.03517386E-03,-20.10050230E-03
+435.00E-09,-15.03517386E-03,-20.10050230E-03
+436.00E-09,-6.19095284E-03,-20.10050230E-03
+437.00E-09,-6.19095284E-03,-20.10050230E-03
+438.00E-09,-1.76884234E-03,-20.10050230E-03
+439.00E-09,-1.76884234E-03,-20.10050230E-03
+440.00E-09,-1.76884234E-03,-20.10050230E-03
+441.00E-09,-5.91457094E-03,-20.10050230E-03
+442.00E-09,-10.33668144E-03,-20.10050230E-03
+443.00E-09,-14.75879195E-03,-20.10050230E-03
+444.00E-09,-19.18090245E-03,-20.10050230E-03
+445.00E-09,-19.45728436E-03,-20.10050230E-03
+446.00E-09,-15.03517386E-03,-20.10050230E-03
+447.00E-09,-6.19095284E-03,-20.10050230E-03
+448.00E-09,-1.76884234E-03,-20.10050230E-03
+449.00E-09,-1.76884234E-03,-20.10050230E-03
+450.00E-09,-1.76884234E-03,-20.10050230E-03
+451.00E-09,-1.76884234E-03,-20.10050230E-03
+452.00E-09,-5.91457094E-03,-20.10050230E-03
+453.00E-09,-10.33668144E-03,-20.10050230E-03
+454.00E-09,-14.75879195E-03,-20.10050230E-03
+455.00E-09,-15.03517386E-03,-20.10050230E-03
+456.00E-09,-15.03517386E-03,-20.10050230E-03
+457.00E-09,-10.61306335E-03,-20.10050230E-03
+458.00E-09,-6.19095284E-03,-20.10050230E-03
+459.00E-09,-1.76884234E-03,-38.94472320E-03
+460.00E-09,+2.65326817E-03,-40.20100459E-03
+461.00E-09,-1.49246043E-03,-40.20100459E-03
+462.00E-09,-5.91457094E-03,-40.20100459E-03
+463.00E-09,-10.33668144E-03,-40.20100459E-03
+464.00E-09,-14.75879195E-03,-40.20100459E-03
+465.00E-09,-15.03517386E-03,-40.20100459E-03
+466.00E-09,-15.03517386E-03,-40.20100459E-03
+467.00E-09,-15.03517386E-03,-40.20100459E-03
+468.00E-09,-10.61306335E-03,-40.20100459E-03
+469.00E-09,-6.19095284E-03,-40.20100459E-03
+470.00E-09,-1.76884234E-03,-20.10050230E-03
+471.00E-09,-1.76884234E-03,-20.10050230E-03
+472.00E-09,-5.91457094E-03,-20.10050230E-03
+473.00E-09,-6.19095284E-03,-20.10050230E-03
+474.00E-09,-10.33668144E-03,-20.10050230E-03
+475.00E-09,-14.75879195E-03,-20.10050230E-03
+476.00E-09,-15.03517386E-03,-20.10050230E-03
+477.00E-09,-15.03517386E-03,-20.10050230E-03
+478.00E-09,-10.61306335E-03,-20.10050230E-03
+479.00E-09,-6.19095284E-03,-20.10050230E-03
+480.00E-09,-1.76884234E-03,-20.10050230E-03
+481.00E-09,-1.76884234E-03,-20.10050230E-03
+482.00E-09,-1.76884234E-03,-20.10050230E-03
+483.00E-09,-5.91457094E-03,-20.10050230E-03
+484.00E-09,-14.75879195E-03,-20.10050230E-03
+485.00E-09,-19.18090245E-03,-20.10050230E-03
+486.00E-09,-19.45728436E-03,-20.10050230E-03
+487.00E-09,-19.45728436E-03,-20.10050230E-03
+488.00E-09,-15.03517386E-03,-20.10050230E-03
+489.00E-09,-10.61306335E-03,-20.10050230E-03
+490.00E-09,-6.19095284E-03,-20.10050230E-03
+491.00E-09,-1.76884234E-03,-20.10050230E-03
+492.00E-09,-1.76884234E-03,-20.10050230E-03
+493.00E-09,-1.76884234E-03,-20.10050230E-03
+494.00E-09,-5.91457094E-03,-20.10050230E-03
+495.00E-09,-10.33668144E-03,-20.10050230E-03
+496.00E-09,-14.75879195E-03,-20.10050230E-03
+497.00E-09,-19.18090245E-03,-20.10050230E-03
+498.00E-09,-19.45728436E-03,-20.10050230E-03
+499.00E-09,-15.03517386E-03,-20.10050230E-03
+500.00E-09,-10.61306335E-03,-20.10050230E-03
+501.00E-09,-6.19095284E-03,-20.10050230E-03
+502.00E-09,-1.76884234E-03,-20.10050230E-03
+503.00E-09,-1.76884234E-03,-20.10050230E-03
+504.00E-09,-1.76884234E-03,-20.10050230E-03
+505.00E-09,-10.33668144E-03,-20.10050230E-03
+506.00E-09,-14.75879195E-03,-20.10050230E-03
+507.00E-09,-19.18090245E-03,-20.10050230E-03
+508.00E-09,-19.45728436E-03,-20.10050230E-03
+509.00E-09,-19.45728436E-03,-20.10050230E-03
+510.00E-09,-10.61306335E-03,-20.10050230E-03
+511.00E-09,-6.19095284E-03,+0.0E+00
+512.00E-09,-1.76884234E-03,+0.0E+00
+513.00E-09,+2.65326817E-03,-18.84422090E-03
+514.00E-09,-1.49246043E-03,-20.10050230E-03
+515.00E-09,-5.91457094E-03,-20.10050230E-03
+516.00E-09,-10.33668144E-03,-20.10050230E-03
+517.00E-09,-14.75879195E-03,-20.10050230E-03
+518.00E-09,-19.18090245E-03,-20.10050230E-03
+519.00E-09,-15.03517386E-03,-20.10050230E-03
+520.00E-09,-10.61306335E-03,-20.10050230E-03
+521.00E-09,-6.19095284E-03,-20.10050230E-03
+522.00E-09,-1.76884234E-03,-20.10050230E-03
+523.00E-09,+2.65326817E-03,-20.10050230E-03
+524.00E-09,+2.65326817E-03,+0.0E+00
+525.00E-09,-1.49246043E-03,+0.0E+00
+526.00E-09,-5.91457094E-03,+0.0E+00
+527.00E-09,-14.75879195E-03,+0.0E+00
+528.00E-09,-15.03517386E-03,-18.84422090E-03
+529.00E-09,-15.03517386E-03,-20.10050230E-03
+530.00E-09,-15.03517386E-03,-20.10050230E-03
+531.00E-09,-10.61306335E-03,-20.10050230E-03
+532.00E-09,-6.19095284E-03,-20.10050230E-03
+533.00E-09,-1.76884234E-03,-20.10050230E-03
+534.00E-09,+2.65326817E-03,-20.10050230E-03
+535.00E-09,+2.65326817E-03,-20.10050230E-03
+536.00E-09,-1.49246043E-03,-20.10050230E-03
+537.00E-09,-5.91457094E-03,-20.10050230E-03
+538.00E-09,-10.33668144E-03,-20.10050230E-03
+539.00E-09,-14.75879195E-03,-20.10050230E-03
+540.00E-09,-19.18090245E-03,-20.10050230E-03
+541.00E-09,-15.03517386E-03,-20.10050230E-03
+542.00E-09,-10.61306335E-03,-20.10050230E-03
+543.00E-09,-6.19095284E-03,-20.10050230E-03
+544.00E-09,-1.76884234E-03,-20.10050230E-03
+545.00E-09,-1.76884234E-03,-20.10050230E-03
+546.00E-09,-1.76884234E-03,-20.10050230E-03
+547.00E-09,-10.33668144E-03,-20.10050230E-03
+548.00E-09,-14.75879195E-03,-20.10050230E-03
+549.00E-09,-15.03517386E-03,-20.10050230E-03
+550.00E-09,-15.03517386E-03,-20.10050230E-03
+551.00E-09,-15.03517386E-03,-20.10050230E-03
+552.00E-09,-10.61306335E-03,-20.10050230E-03
+553.00E-09,-6.19095284E-03,-20.10050230E-03
+554.00E-09,-1.76884234E-03,-20.10050230E-03
+555.00E-09,+2.65326817E-03,-38.94472320E-03
+556.00E-09,+2.65326817E-03,-40.20100459E-03
+557.00E-09,-1.49246043E-03,-40.20100459E-03
+558.00E-09,-10.33668144E-03,-20.10050230E-03
+559.00E-09,-14.75879195E-03,-20.10050230E-03
+560.00E-09,-19.18090245E-03,-20.10050230E-03
+561.00E-09,-19.45728436E-03,-20.10050230E-03
+562.00E-09,-15.03517386E-03,-20.10050230E-03
+563.00E-09,-10.61306335E-03,-20.10050230E-03
+564.00E-09,-6.19095284E-03,-20.10050230E-03
+565.00E-09,-1.76884234E-03,-20.10050230E-03
+566.00E-09,+2.65326817E-03,-20.10050230E-03
+567.00E-09,-1.49246043E-03,-20.10050230E-03
+568.00E-09,-5.91457094E-03,-20.10050230E-03
+569.00E-09,-10.33668144E-03,-20.10050230E-03
+570.00E-09,-14.75879195E-03,-20.10050230E-03
+571.00E-09,-19.18090245E-03,-20.10050230E-03
+572.00E-09,-15.03517386E-03,-20.10050230E-03
+573.00E-09,-15.03517386E-03,-20.10050230E-03
+574.00E-09,-10.61306335E-03,-20.10050230E-03
+575.00E-09,-6.19095284E-03,-20.10050230E-03
+576.00E-09,-1.76884234E-03,-20.10050230E-03
+577.00E-09,-1.76884234E-03,-20.10050230E-03
+578.00E-09,-1.76884234E-03,-20.10050230E-03
+579.00E-09,-5.91457094E-03,-20.10050230E-03
+580.00E-09,-10.33668144E-03,-20.10050230E-03
+581.00E-09,-14.75879195E-03,-20.10050230E-03
+582.00E-09,-15.03517386E-03,-20.10050230E-03
+583.00E-09,-15.03517386E-03,-20.10050230E-03
+584.00E-09,-10.61306335E-03,-20.10050230E-03
+585.00E-09,-6.19095284E-03,-20.10050230E-03
+586.00E-09,-1.76884234E-03,-20.10050230E-03
+587.00E-09,-1.76884234E-03,-20.10050230E-03
+588.00E-09,-1.76884234E-03,-20.10050230E-03
+589.00E-09,-5.91457094E-03,-20.10050230E-03
+590.00E-09,-10.33668144E-03,-20.10050230E-03
+591.00E-09,-14.75879195E-03,-20.10050230E-03
+592.00E-09,-15.03517386E-03,-20.10050230E-03
+593.00E-09,-19.18090245E-03,-20.10050230E-03
+594.00E-09,-15.03517386E-03,-20.10050230E-03
+595.00E-09,-10.61306335E-03,-20.10050230E-03
+596.00E-09,-6.19095284E-03,-20.10050230E-03
+597.00E-09,-1.76884234E-03,-20.10050230E-03
+598.00E-09,-1.76884234E-03,-20.10050230E-03
+599.00E-09,-1.76884234E-03,-20.10050230E-03
+600.00E-09,-5.91457094E-03,-20.10050230E-03
+601.00E-09,-14.75879195E-03,-20.10050230E-03
+602.00E-09,-15.03517386E-03,-20.10050230E-03
+603.00E-09,-19.18090245E-03,+0.0E+00
+604.00E-09,-15.03517386E-03,+0.0E+00
+605.00E-09,-10.61306335E-03,-18.84422090E-03
+606.00E-09,-6.19095284E-03,-20.10050230E-03
+607.00E-09,-1.76884234E-03,-20.10050230E-03
+608.00E-09,-1.76884234E-03,-20.10050230E-03
+609.00E-09,-1.76884234E-03,-20.10050230E-03
+610.00E-09,-5.91457094E-03,-20.10050230E-03
+611.00E-09,-10.33668144E-03,-20.10050230E-03
+612.00E-09,-14.75879195E-03,-20.10050230E-03
+613.00E-09,-19.18090245E-03,-20.10050230E-03
+614.00E-09,-15.03517386E-03,-20.10050230E-03
+615.00E-09,-15.03517386E-03,-20.10050230E-03
+616.00E-09,-10.61306335E-03,-20.10050230E-03
+617.00E-09,-6.19095284E-03,-20.10050230E-03
+618.00E-09,-1.76884234E-03,-20.10050230E-03
+619.00E-09,-1.76884234E-03,-20.10050230E-03
+620.00E-09,-1.76884234E-03,-20.10050230E-03
+621.00E-09,-5.91457094E-03,-20.10050230E-03
+622.00E-09,-10.33668144E-03,-20.10050230E-03
+623.00E-09,-14.75879195E-03,-20.10050230E-03
+624.00E-09,-19.18090245E-03,-20.10050230E-03
+625.00E-09,-19.45728436E-03,-38.94472320E-03
+626.00E-09,-15.03517386E-03,-40.20100459E-03
+627.00E-09,-10.61306335E-03,-40.20100459E-03
+628.00E-09,-6.19095284E-03,-20.10050230E-03
+629.00E-09,-1.76884234E-03,-20.10050230E-03
+630.00E-09,-1.76884234E-03,-20.10050230E-03
+631.00E-09,-1.76884234E-03,-20.10050230E-03
+632.00E-09,-5.91457094E-03,-20.10050230E-03
+633.00E-09,-10.33668144E-03,-38.94472320E-03
+634.00E-09,-14.75879195E-03,-20.10050230E-03
+635.00E-09,-19.18090245E-03,-20.10050230E-03
+636.00E-09,-19.45728436E-03,-20.10050230E-03
+637.00E-09,-15.03517386E-03,-20.10050230E-03
+638.00E-09,-10.61306335E-03,-20.10050230E-03
+639.00E-09,-6.19095284E-03,-20.10050230E-03
+640.00E-09,-1.76884234E-03,-20.10050230E-03
+641.00E-09,-1.76884234E-03,-20.10050230E-03
+642.00E-09,-5.91457094E-03,-20.10050230E-03
+643.00E-09,-10.33668144E-03,-20.10050230E-03
+644.00E-09,-14.75879195E-03,-20.10050230E-03
+645.00E-09,-15.03517386E-03,-38.94472320E-03
+646.00E-09,-15.03517386E-03,-40.20100459E-03
+647.00E-09,-15.03517386E-03,-40.20100459E-03
+648.00E-09,-10.61306335E-03,-40.20100459E-03
+649.00E-09,-6.19095284E-03,-40.20100459E-03
+650.00E-09,-1.76884234E-03,-20.10050230E-03
+651.00E-09,-1.76884234E-03,-38.94472320E-03
+652.00E-09,-1.76884234E-03,-40.20100459E-03
+653.00E-09,-5.91457094E-03,-40.20100459E-03
+654.00E-09,-10.33668144E-03,-40.20100459E-03
+655.00E-09,-14.75879195E-03,-40.20100459E-03
+656.00E-09,-19.18090245E-03,-20.10050230E-03
+657.00E-09,-19.45728436E-03,-20.10050230E-03
+658.00E-09,-15.03517386E-03,-20.10050230E-03
+659.00E-09,-6.19095284E-03,-20.10050230E-03
+660.00E-09,-1.76884234E-03,-20.10050230E-03
+661.00E-09,-1.76884234E-03,-20.10050230E-03
+662.00E-09,-1.76884234E-03,-20.10050230E-03
+663.00E-09,-5.91457094E-03,-20.10050230E-03
+664.00E-09,-10.33668144E-03,-20.10050230E-03
+665.00E-09,-14.75879195E-03,-20.10050230E-03
+666.00E-09,-19.18090245E-03,-20.10050230E-03
+667.00E-09,-19.45728436E-03,-20.10050230E-03
+668.00E-09,-15.03517386E-03,-20.10050230E-03
+669.00E-09,-10.61306335E-03,-20.10050230E-03
+670.00E-09,-6.19095284E-03,-20.10050230E-03
+671.00E-09,-6.19095284E-03,-38.94472320E-03
+672.00E-09,-1.76884234E-03,-40.20100459E-03
+673.00E-09,-1.76884234E-03,-20.10050230E-03
+674.00E-09,-5.91457094E-03,-20.10050230E-03
+675.00E-09,-10.33668144E-03,-20.10050230E-03
+676.00E-09,-14.75879195E-03,-20.10050230E-03
+677.00E-09,-19.18090245E-03,-20.10050230E-03
+678.00E-09,-19.45728436E-03,-20.10050230E-03
+679.00E-09,-19.45728436E-03,-20.10050230E-03
+680.00E-09,-15.03517386E-03,-20.10050230E-03
+681.00E-09,-6.19095284E-03,-20.10050230E-03
+682.00E-09,-1.76884234E-03,-20.10050230E-03
+683.00E-09,-1.76884234E-03,-20.10050230E-03
+684.00E-09,-5.91457094E-03,-20.10050230E-03
+685.00E-09,-6.19095284E-03,-20.10050230E-03
+686.00E-09,-14.75879195E-03,-20.10050230E-03
+687.00E-09,-15.03517386E-03,-20.10050230E-03
+688.00E-09,-15.03517386E-03,-20.10050230E-03
+689.00E-09,-15.03517386E-03,-20.10050230E-03
+690.00E-09,-10.61306335E-03,-20.10050230E-03
+691.00E-09,-6.19095284E-03,-20.10050230E-03
+692.00E-09,-1.76884234E-03,-20.10050230E-03
+693.00E-09,-1.76884234E-03,-20.10050230E-03
+694.00E-09,-1.76884234E-03,-20.10050230E-03
+695.00E-09,-1.76884234E-03,-20.10050230E-03
+696.00E-09,-10.33668144E-03,-20.10050230E-03
+697.00E-09,-14.75879195E-03,-20.10050230E-03
+698.00E-09,-15.03517386E-03,-20.10050230E-03
+699.00E-09,-15.03517386E-03,-20.10050230E-03
+700.00E-09,-15.03517386E-03,-20.10050230E-03
+701.00E-09,-10.61306335E-03,-20.10050230E-03
+702.00E-09,-1.76884234E-03,-20.10050230E-03
+703.00E-09,-1.76884234E-03,-38.94472320E-03
+704.00E-09,-1.76884234E-03,-40.20100459E-03
+705.00E-09,-1.76884234E-03,-40.20100459E-03
+706.00E-09,-5.91457094E-03,-20.10050230E-03
+707.00E-09,-14.75879195E-03,-20.10050230E-03
+708.00E-09,-15.03517386E-03,-20.10050230E-03
+709.00E-09,-19.18090245E-03,-20.10050230E-03
+710.00E-09,-15.03517386E-03,-20.10050230E-03
+711.00E-09,-10.61306335E-03,-20.10050230E-03
+712.00E-09,-6.19095284E-03,-20.10050230E-03
+713.00E-09,-1.76884234E-03,-20.10050230E-03
+714.00E-09,+2.65326817E-03,-20.10050230E-03
+715.00E-09,+2.65326817E-03,-20.10050230E-03
+716.00E-09,-1.49246043E-03,-20.10050230E-03
+717.00E-09,-5.91457094E-03,-20.10050230E-03
+718.00E-09,-10.33668144E-03,-20.10050230E-03
+719.00E-09,-14.75879195E-03,-20.10050230E-03
+720.00E-09,-19.18090245E-03,-20.10050230E-03
+721.00E-09,-15.03517386E-03,-20.10050230E-03
+722.00E-09,-10.61306335E-03,-20.10050230E-03
+723.00E-09,-6.19095284E-03,-20.10050230E-03
+724.00E-09,-1.76884234E-03,-20.10050230E-03
+725.00E-09,-1.76884234E-03,-20.10050230E-03
+726.00E-09,-1.76884234E-03,-20.10050230E-03
+727.00E-09,-5.91457094E-03,-20.10050230E-03
+728.00E-09,-10.33668144E-03,-20.10050230E-03
+729.00E-09,-14.75879195E-03,-20.10050230E-03
+730.00E-09,-19.18090245E-03,-20.10050230E-03
+731.00E-09,-19.45728436E-03,-20.10050230E-03
+732.00E-09,-15.03517386E-03,-20.10050230E-03
+733.00E-09,-10.61306335E-03,-20.10050230E-03
+734.00E-09,-6.19095284E-03,-20.10050230E-03
+735.00E-09,-1.76884234E-03,-20.10050230E-03
+736.00E-09,-1.76884234E-03,-20.10050230E-03
+737.00E-09,-1.76884234E-03,-20.10050230E-03
+738.00E-09,-5.91457094E-03,-20.10050230E-03
+739.00E-09,-14.75879195E-03,-20.10050230E-03
+740.00E-09,-15.03517386E-03,-20.10050230E-03
+741.00E-09,-19.18090245E-03,-20.10050230E-03
+742.00E-09,-19.45728436E-03,-20.10050230E-03
+743.00E-09,-15.03517386E-03,-20.10050230E-03
+744.00E-09,-10.61306335E-03,-20.10050230E-03
+745.00E-09,-6.19095284E-03,-20.10050230E-03
+746.00E-09,-1.76884234E-03,-20.10050230E-03
+747.00E-09,-1.76884234E-03,-20.10050230E-03
+748.00E-09,-5.91457094E-03,-20.10050230E-03
+749.00E-09,-10.33668144E-03,-20.10050230E-03
+750.00E-09,-14.75879195E-03,-20.10050230E-03
+751.00E-09,-19.18090245E-03,-20.10050230E-03
+752.00E-09,-19.45728436E-03,-20.10050230E-03
+753.00E-09,-15.03517386E-03,-20.10050230E-03
+754.00E-09,-10.61306335E-03,-20.10050230E-03
+755.00E-09,-6.19095284E-03,-20.10050230E-03
+756.00E-09,-1.76884234E-03,-20.10050230E-03
+757.00E-09,-1.76884234E-03,-20.10050230E-03
+758.00E-09,-1.76884234E-03,-20.10050230E-03
+759.00E-09,-5.91457094E-03,-20.10050230E-03
+760.00E-09,-14.75879195E-03,-20.10050230E-03
+761.00E-09,-19.18090245E-03,-20.10050230E-03
+762.00E-09,-19.45728436E-03,-20.10050230E-03
+763.00E-09,-19.45728436E-03,-38.94472320E-03
+764.00E-09,-15.03517386E-03,-20.10050230E-03
+765.00E-09,-10.61306335E-03,-20.10050230E-03
+766.00E-09,-1.76884234E-03,-20.10050230E-03
+767.00E-09,-1.76884234E-03,-38.94472320E-03
+768.00E-09,-1.76884234E-03,-40.20100459E-03
+769.00E-09,-1.76884234E-03,-40.20100459E-03
+770.00E-09,-10.33668144E-03,-40.20100459E-03
+771.00E-09,-14.75879195E-03,-40.20100459E-03
+772.00E-09,-19.18090245E-03,-40.20100459E-03
+773.00E-09,-19.45728436E-03,-40.20100459E-03
+774.00E-09,-15.03517386E-03,-40.20100459E-03
+775.00E-09,-10.61306335E-03,-40.20100459E-03
+776.00E-09,-6.19095284E-03,-40.20100459E-03
+777.00E-09,-1.76884234E-03,-20.10050230E-03
+778.00E-09,-1.76884234E-03,-20.10050230E-03
+779.00E-09,-1.76884234E-03,-38.94472320E-03
+780.00E-09,-5.91457094E-03,-20.10050230E-03
+781.00E-09,-10.33668144E-03,-20.10050230E-03
+782.00E-09,-14.75879195E-03,-38.94472320E-03
+783.00E-09,-15.03517386E-03,-40.20100459E-03
+784.00E-09,-15.03517386E-03,-20.10050230E-03
+785.00E-09,-10.61306335E-03,-20.10050230E-03
+786.00E-09,-6.19095284E-03,-20.10050230E-03
+787.00E-09,-1.76884234E-03,-20.10050230E-03
+788.00E-09,-1.76884234E-03,-20.10050230E-03
+789.00E-09,-1.76884234E-03,-20.10050230E-03
+790.00E-09,-5.91457094E-03,-20.10050230E-03
+791.00E-09,-10.33668144E-03,-20.10050230E-03
+792.00E-09,-14.75879195E-03,-20.10050230E-03
+793.00E-09,-19.18090245E-03,-20.10050230E-03
+794.00E-09,-15.03517386E-03,-20.10050230E-03
+795.00E-09,-15.03517386E-03,-20.10050230E-03
+796.00E-09,-10.61306335E-03,-20.10050230E-03
+797.00E-09,-6.19095284E-03,-20.10050230E-03
+798.00E-09,-1.76884234E-03,-20.10050230E-03
+799.00E-09,-1.76884234E-03,-20.10050230E-03
+800.00E-09,-1.76884234E-03,-20.10050230E-03
+801.00E-09,-5.91457094E-03,-20.10050230E-03
+802.00E-09,-10.33668144E-03,-20.10050230E-03
+803.00E-09,-19.18090245E-03,-20.10050230E-03
+804.00E-09,-19.45728436E-03,-20.10050230E-03
+805.00E-09,-19.45728436E-03,-20.10050230E-03
+806.00E-09,-15.03517386E-03,-20.10050230E-03
+807.00E-09,-10.61306335E-03,-20.10050230E-03
+808.00E-09,-1.76884234E-03,-20.10050230E-03
+809.00E-09,+2.65326817E-03,-20.10050230E-03
+810.00E-09,+2.65326817E-03,-20.10050230E-03
+811.00E-09,-1.49246043E-03,-20.10050230E-03
+812.00E-09,-5.91457094E-03,-20.10050230E-03
+813.00E-09,-10.33668144E-03,-20.10050230E-03
+814.00E-09,-14.75879195E-03,-20.10050230E-03
+815.00E-09,-19.18090245E-03,-20.10050230E-03
+816.00E-09,-15.03517386E-03,-20.10050230E-03
+817.00E-09,-10.61306335E-03,-20.10050230E-03
+818.00E-09,-6.19095284E-03,-20.10050230E-03
+819.00E-09,-1.76884234E-03,-20.10050230E-03
+820.00E-09,+2.65326817E-03,-20.10050230E-03
+821.00E-09,+2.65326817E-03,-20.10050230E-03
+822.00E-09,-1.49246043E-03,-20.10050230E-03
+823.00E-09,-5.91457094E-03,-20.10050230E-03
+824.00E-09,-10.33668144E-03,-20.10050230E-03
+825.00E-09,-14.75879195E-03,-20.10050230E-03
+826.00E-09,-15.03517386E-03,-20.10050230E-03
+827.00E-09,-15.03517386E-03,-20.10050230E-03
+828.00E-09,-10.61306335E-03,-20.10050230E-03
+829.00E-09,-6.19095284E-03,-20.10050230E-03
+830.00E-09,-1.76884234E-03,-20.10050230E-03
+831.00E-09,-1.76884234E-03,-20.10050230E-03
+832.00E-09,-1.76884234E-03,-20.10050230E-03
+833.00E-09,-5.91457094E-03,-20.10050230E-03
+834.00E-09,-10.33668144E-03,-20.10050230E-03
+835.00E-09,-14.75879195E-03,-20.10050230E-03
+836.00E-09,-19.18090245E-03,-20.10050230E-03
+837.00E-09,-15.03517386E-03,-20.10050230E-03
+838.00E-09,-15.03517386E-03,-20.10050230E-03
+839.00E-09,-6.19095284E-03,-20.10050230E-03
+840.00E-09,-1.76884234E-03,-20.10050230E-03
+841.00E-09,+2.65326817E-03,-20.10050230E-03
+842.00E-09,+2.65326817E-03,-20.10050230E-03
+843.00E-09,-1.49246043E-03,-20.10050230E-03
+844.00E-09,-5.91457094E-03,-20.10050230E-03
+845.00E-09,-14.75879195E-03,-20.10050230E-03
+846.00E-09,-19.18090245E-03,-20.10050230E-03
+847.00E-09,-19.45728436E-03,-20.10050230E-03
+848.00E-09,-19.45728436E-03,-20.10050230E-03
+849.00E-09,-15.03517386E-03,-20.10050230E-03
+850.00E-09,-6.19095284E-03,-20.10050230E-03
+851.00E-09,-1.76884234E-03,-20.10050230E-03
+852.00E-09,-1.76884234E-03,-20.10050230E-03
+853.00E-09,-1.76884234E-03,-20.10050230E-03
+854.00E-09,-5.91457094E-03,-20.10050230E-03
+855.00E-09,-10.33668144E-03,-20.10050230E-03
+856.00E-09,-14.75879195E-03,-20.10050230E-03
+857.00E-09,-15.03517386E-03,-20.10050230E-03
+858.00E-09,-19.18090245E-03,-20.10050230E-03
+859.00E-09,-15.03517386E-03,-38.94472320E-03
+860.00E-09,-10.61306335E-03,-40.20100459E-03
+861.00E-09,-6.19095284E-03,-40.20100459E-03
+862.00E-09,-1.76884234E-03,-40.20100459E-03
+863.00E-09,-1.76884234E-03,-40.20100459E-03
+864.00E-09,-1.76884234E-03,-20.10050230E-03
+865.00E-09,-5.91457094E-03,-20.10050230E-03
+866.00E-09,-10.33668144E-03,-20.10050230E-03
+867.00E-09,-19.18090245E-03,-20.10050230E-03
+868.00E-09,-19.45728436E-03,-20.10050230E-03
+869.00E-09,-19.45728436E-03,-20.10050230E-03
+870.00E-09,-15.03517386E-03,-20.10050230E-03
+871.00E-09,-6.19095284E-03,-20.10050230E-03
+872.00E-09,-1.76884234E-03,-20.10050230E-03
+873.00E-09,+2.65326817E-03,-20.10050230E-03
+874.00E-09,+2.65326817E-03,-20.10050230E-03
+875.00E-09,-1.49246043E-03,-20.10050230E-03
+876.00E-09,-5.91457094E-03,-20.10050230E-03
+877.00E-09,-10.33668144E-03,-20.10050230E-03
+878.00E-09,-14.75879195E-03,-20.10050230E-03
+879.00E-09,-15.03517386E-03,-20.10050230E-03
+880.00E-09,-15.03517386E-03,-20.10050230E-03
+881.00E-09,-10.61306335E-03,-20.10050230E-03
+882.00E-09,-1.76884234E-03,-20.10050230E-03
+883.00E-09,+2.65326817E-03,-20.10050230E-03
+884.00E-09,+2.65326817E-03,-20.10050230E-03
+885.00E-09,+2.65326817E-03,-20.10050230E-03
+886.00E-09,-1.49246043E-03,-20.10050230E-03
+887.00E-09,-10.33668144E-03,-20.10050230E-03
+888.00E-09,-14.75879195E-03,-20.10050230E-03
+889.00E-09,-15.03517386E-03,-20.10050230E-03
+890.00E-09,-15.03517386E-03,-20.10050230E-03
+891.00E-09,-15.03517386E-03,-20.10050230E-03
+892.00E-09,-10.61306335E-03,-20.10050230E-03
+893.00E-09,-6.19095284E-03,-20.10050230E-03
+894.00E-09,-1.76884234E-03,-20.10050230E-03
+895.00E-09,-1.76884234E-03,-20.10050230E-03
+896.00E-09,-1.76884234E-03,-20.10050230E-03
+897.00E-09,-5.91457094E-03,-20.10050230E-03
+898.00E-09,-14.75879195E-03,-20.10050230E-03
+899.00E-09,-19.18090245E-03,-38.94472320E-03
+900.00E-09,-19.45728436E-03,-20.10050230E-03
+901.00E-09,-19.45728436E-03,-20.10050230E-03
+902.00E-09,-15.03517386E-03,-20.10050230E-03
+903.00E-09,-6.19095284E-03,-20.10050230E-03
+904.00E-09,-1.76884234E-03,-20.10050230E-03
+905.00E-09,-1.76884234E-03,-20.10050230E-03
+906.00E-09,-1.76884234E-03,-20.10050230E-03
+907.00E-09,-5.91457094E-03,-20.10050230E-03
+908.00E-09,-10.33668144E-03,-38.94472320E-03
+909.00E-09,-14.75879195E-03,-40.20100459E-03
+910.00E-09,-19.18090245E-03,-40.20100459E-03
+911.00E-09,-19.45728436E-03,-20.10050230E-03
+912.00E-09,-15.03517386E-03,-20.10050230E-03
+913.00E-09,-10.61306335E-03,-20.10050230E-03
+914.00E-09,-6.19095284E-03,-20.10050230E-03
+915.00E-09,-1.76884234E-03,-20.10050230E-03
+916.00E-09,+2.65326817E-03,-20.10050230E-03
+917.00E-09,-1.49246043E-03,-20.10050230E-03
+918.00E-09,-5.91457094E-03,-20.10050230E-03
+919.00E-09,-10.33668144E-03,-20.10050230E-03
+920.00E-09,-14.75879195E-03,-20.10050230E-03
+921.00E-09,-15.03517386E-03,-20.10050230E-03
+922.00E-09,-15.03517386E-03,-20.10050230E-03
+923.00E-09,-15.03517386E-03,-20.10050230E-03
+924.00E-09,-10.61306335E-03,-20.10050230E-03
+925.00E-09,-6.19095284E-03,-20.10050230E-03
+926.00E-09,-1.76884234E-03,+0.0E+00
+927.00E-09,-1.76884234E-03,+0.0E+00
+928.00E-09,-1.76884234E-03,+0.0E+00
+929.00E-09,-5.91457094E-03,-18.84422090E-03
+930.00E-09,-10.33668144E-03,-20.10050230E-03
+931.00E-09,-14.75879195E-03,-20.10050230E-03
+932.00E-09,-15.03517386E-03,-20.10050230E-03
+933.00E-09,-15.03517386E-03,-20.10050230E-03
+934.00E-09,-10.61306335E-03,-20.10050230E-03
+935.00E-09,-6.19095284E-03,-20.10050230E-03
+936.00E-09,-1.76884234E-03,-20.10050230E-03
+937.00E-09,-1.76884234E-03,-20.10050230E-03
+938.00E-09,-1.76884234E-03,-20.10050230E-03
+939.00E-09,-5.91457094E-03,-20.10050230E-03
+940.00E-09,-10.33668144E-03,-20.10050230E-03
+941.00E-09,-14.75879195E-03,-20.10050230E-03
+942.00E-09,-19.18090245E-03,-20.10050230E-03
+943.00E-09,-19.45728436E-03,-20.10050230E-03
+944.00E-09,-15.03517386E-03,-20.10050230E-03
+945.00E-09,-10.61306335E-03,-20.10050230E-03
+946.00E-09,-1.76884234E-03,-20.10050230E-03
+947.00E-09,-1.76884234E-03,-20.10050230E-03
+948.00E-09,-1.76884234E-03,-20.10050230E-03
+949.00E-09,-1.76884234E-03,-20.10050230E-03
+950.00E-09,-5.91457094E-03,-20.10050230E-03
+951.00E-09,-14.75879195E-03,-20.10050230E-03
+952.00E-09,-15.03517386E-03,-20.10050230E-03
+953.00E-09,-19.18090245E-03,-20.10050230E-03
+954.00E-09,-19.45728436E-03,-20.10050230E-03
+955.00E-09,-15.03517386E-03,-20.10050230E-03
+956.00E-09,-6.19095284E-03,-20.10050230E-03
+957.00E-09,-1.76884234E-03,-20.10050230E-03
+958.00E-09,-1.76884234E-03,-20.10050230E-03
+959.00E-09,+2.65326817E-03,-20.10050230E-03
+960.00E-09,-1.49246043E-03,-20.10050230E-03
+961.00E-09,-5.91457094E-03,-20.10050230E-03
+962.00E-09,-14.75879195E-03,-20.10050230E-03
+963.00E-09,-19.18090245E-03,-20.10050230E-03
+964.00E-09,-19.45728436E-03,-20.10050230E-03
+965.00E-09,-15.03517386E-03,-20.10050230E-03
+966.00E-09,-10.61306335E-03,-20.10050230E-03
+967.00E-09,-1.76884234E-03,-20.10050230E-03
+968.00E-09,+2.65326817E-03,-20.10050230E-03
+969.00E-09,+2.65326817E-03,-20.10050230E-03
+970.00E-09,-1.49246043E-03,-20.10050230E-03
+971.00E-09,-5.91457094E-03,-38.94472320E-03
+972.00E-09,-10.33668144E-03,-40.20100459E-03
+973.00E-09,-14.75879195E-03,-40.20100459E-03
+974.00E-09,-19.18090245E-03,-40.20100459E-03
+975.00E-09,-15.03517386E-03,-40.20100459E-03
+976.00E-09,-10.61306335E-03,-20.10050230E-03
+977.00E-09,-6.19095284E-03,-20.10050230E-03
+978.00E-09,-1.76884234E-03,-20.10050230E-03
+979.00E-09,+2.65326817E-03,-20.10050230E-03
+980.00E-09,+2.65326817E-03,-20.10050230E-03
+981.00E-09,-1.49246043E-03,-20.10050230E-03
+982.00E-09,-5.91457094E-03,-20.10050230E-03
+983.00E-09,-10.33668144E-03,-20.10050230E-03
+984.00E-09,-14.75879195E-03,-20.10050230E-03
+985.00E-09,-15.03517386E-03,-20.10050230E-03
+986.00E-09,-15.03517386E-03,-20.10050230E-03
+987.00E-09,-10.61306335E-03,-20.10050230E-03
+988.00E-09,-1.76884234E-03,-20.10050230E-03
+989.00E-09,+2.65326817E-03,-20.10050230E-03
+990.00E-09,+2.65326817E-03,-20.10050230E-03
+991.00E-09,+2.65326817E-03,-20.10050230E-03
+992.00E-09,-1.49246043E-03,-20.10050230E-03
+993.00E-09,-10.33668144E-03,-20.10050230E-03
+994.00E-09,-14.75879195E-03,-20.10050230E-03
+995.00E-09,-19.18090245E-03,-20.10050230E-03
+996.00E-09,-19.45728436E-03,-20.10050230E-03
+997.00E-09,-15.03517386E-03,-20.10050230E-03
+998.00E-09,-6.19095284E-03,-20.10050230E-03
+999.00E-09,-1.76884234E-03,-20.10050230E-03
